,PDB,TRP_resnum,TRP_chain,sugar_resname,sugar_resnum,sugar_chain,sugar_ch_atom,TRP_midpt_xyz,TRP_midpt_to_CH_dist,TRP_to_CH_dihedral,TRP_chi2_dihedral
0,3ACH_prepack_ref2015_0468,129,A,Glc,403,B,C2,"[-1.988, 16.337, 5.416]",4.008,76.421,-103.984
1,3ACH_prepack_ref2015_0468,78,A,Glc,404,B,C4,"[-5.694, 17.523, 12.401]",4.173,-87.389,4.904
2,3ACH_prepack_ref2015_0726,129,A,Glc,402,B,C4,"[-1.988, 16.337, 5.416]",3.958,70.483,-103.984
3,3ACH_prepack_ref2015_3577,129,A,Glc,403,B,C4,"[-1.988, 16.337, 5.416]",4.28,80.195,-103.984
4,3ACH_prepack_ref2015_2847,129,A,Glc,401,B,C1,"[-1.988, 16.337, 5.416]",3.954,77.835,-103.984
5,3ACH_prepack_ref2015_1658,129,A,Glc,404,B,C1,"[-2.691, 16.073, 5.203]",3.763,83.75,-97.024
6,3ACH_prepack_ref2015_3891,129,A,Glc,402,B,C2,"[-2.691, 16.073, 5.203]",4.24,101.6,-97.024
7,3ACH_prepack_ref2015_4143,129,A,Glc,402,B,C1,"[-2.691, 16.073, 5.203]",4.292,89.373,-97.024
8,3ACH_prepack_ref2015_0615,129,A,Glc,401,B,C3,"[-1.988, 16.337, 5.416]",4.307,96.206,-103.984
9,3ACH_prepack_ref2015_0032,129,A,Glc,403,B,C2,"[-1.988, 16.337, 5.416]",4.307,67.988,-103.984
10,3ACH_prepack_ref2015_0428,129,A,Glc,404,B,C1,"[-4.027, 15.512, 4.165]",3.918,-73.252,58.449
11,3ACH_prepack_ref2015_2561,129,A,Glc,404,B,C5,"[-1.988, 16.337, 5.416]",4.197,91.267,-103.984
12,3ACH_prepack_ref2015_0214,129,A,Glc,403,B,C1,"[-1.988, 16.337, 5.416]",4.47,77.829,-103.984
13,3ACH_prepack_ref2015_1830,129,A,Glc,404,B,C5,"[-2.691, 16.073, 5.203]",4.107,88.729,-97.024
14,3ACH_prepack_ref2015_4216,78,A,Glc,404,B,C4,"[-5.694, 17.523, 12.401]",4.379,-122.783,4.904
15,3ACH_prepack_ref2015_3751,129,A,Glc,402,B,C4,"[-1.988, 16.337, 5.416]",4.192,89.609,-103.984
16,3ACH_prepack_ref2015_1870,78,A,Glc,404,B,C4,"[-5.694, 17.523, 12.401]",4.021,-106.447,4.904
17,3ACH_prepack_ref2015_2452,78,A,Glc,404,B,C1,"[-5.694, 17.523, 12.401]",4.442,-117.983,4.904
18,3ACH_prepack_ref2015_0327,129,A,Glc,402,B,C2,"[-1.988, 16.337, 5.416]",4.419,56.776,-103.984
19,3ACH_prepack_ref2015_4599,129,A,Glc,403,B,C5,"[-1.988, 16.337, 5.416]",3.824,83.122,-103.984
20,3ACH_prepack_ref2015_0254,129,A,Glc,402,B,C4,"[-1.988, 16.337, 5.416]",4.371,97.918,-103.984
21,3ACH_prepack_ref2015_0202,129,A,Glc,402,B,C2,"[-1.988, 16.337, 5.416]",3.88,70.606,-103.984
22,3ACH_prepack_ref2015_1726,78,A,Glc,402,B,C2,"[-5.694, 17.523, 12.401]",4.146,-109.188,4.904
23,3ACH_prepack_ref2015_3674,129,A,Glc,401,B,C4,"[-2.691, 16.073, 5.203]",3.92,95.629,-97.024
24,3ACH_prepack_ref2015_4869,78,A,Glc,404,B,C4,"[-5.694, 17.523, 12.401]",4.447,-100.972,4.904
25,3ACH_prepack_ref2015_0556,129,A,Glc,403,B,C3,"[-4.021, 15.973, 4.286]",3.747,-90.188,28.174
26,3ACH_prepack_ref2015_0371,129,A,Glc,404,B,C3,"[-1.988, 16.337, 5.416]",3.789,84.941,-103.984
27,3ACH_prepack_ref2015_2639,78,A,Glc,404,B,C2,"[-6.717, 17.794, 11.997]",4.308,104.753,-45.877
28,3ACH_prepack_ref2015_1826,129,A,Glc,403,B,C3,"[-1.988, 16.337, 5.416]",3.734,93.628,-103.984
29,3ACH_prepack_ref2015_3120,129,A,Glc,403,B,C3,"[-1.988, 16.337, 5.416]",4.05,91.69,-103.984
30,3ACH_prepack_ref2015_2444,78,A,Glc,403,B,C5,"[-5.694, 17.523, 12.401]",4.208,-110.269,4.904
31,3ACH_prepack_ref2015_2263,129,A,Glc,404,B,C3,"[-2.691, 16.073, 5.203]",4.48,119.566,-97.024
32,3ACH_prepack_ref2015_3088,129,A,Glc,403,B,C2,"[-1.988, 16.337, 5.416]",4.357,90.819,-103.984
33,3ACH_prepack_ref2015_1428,129,A,Glc,402,B,C2,"[-1.988, 16.337, 5.416]",3.947,77.561,-103.984
34,3ACH_prepack_ref2015_3412,129,A,Glc,404,B,C3,"[-1.988, 16.337, 5.416]",4.428,118.082,-103.984
35,3ACH_prepack_ref2015_1367,129,A,Glc,403,B,C5,"[-2.691, 16.073, 5.203]",4.064,89.746,-97.024
36,3ACH_prepack_ref2015_0259,129,A,Glc,404,B,C5,"[-1.988, 16.337, 5.416]",4.461,57.496,-103.984
37,3ACH_prepack_ref2015_3489,129,A,Glc,404,B,C5,"[-1.988, 16.337, 5.416]",4.148,72.219,-103.984
38,3ACH_prepack_ref2015_1214,78,A,Glc,404,B,C2,"[-5.694, 17.523, 12.401]",4.174,-95.321,4.904
39,3ACH_prepack_ref2015_1254,129,A,Glc,403,B,C2,"[-1.988, 16.337, 5.416]",4.381,62.92,-103.984
40,3ACH_prepack_ref2015_1500,78,A,Glc,404,B,C4,"[-5.972, 17.579, 12.221]",4.267,-116.258,6.628
41,3ACH_prepack_ref2015_0998,129,A,Glc,404,B,C5,"[-1.988, 16.337, 5.416]",4.12,97.656,-103.984
42,3ACH_prepack_ref2015_2922,129,A,Glc,403,B,C5,"[-0.726, 18.838, 3.772]",4.152,-89.442,95.492
43,3ACH_prepack_ref2015_0024,129,A,Glc,401,B,C2,"[-1.988, 16.337, 5.416]",4.486,67.258,-103.984
44,3ACH_prepack_ref2015_4011,129,A,Glc,402,B,C2,"[-1.988, 16.337, 5.416]",4.381,76.426,-103.984
45,3ACH_prepack_ref2015_0934,129,A,Glc,404,B,C5,"[-1.988, 16.337, 5.416]",4.18,87.195,-103.984
46,3ACH_prepack_ref2015_1444,129,A,Glc,403,B,C3,"[-1.988, 16.337, 5.416]",4.358,97.447,-103.984
47,3ACH_prepack_ref2015_1263,129,A,Glc,404,B,C2,"[-1.988, 16.337, 5.416]",4.328,100.526,-103.984
48,3ACH_prepack_ref2015_2915,129,A,Glc,404,B,C4,"[-2.691, 16.073, 5.203]",4.47,80.206,-97.024
49,3ACH_prepack_ref2015_2294,129,A,Glc,402,B,C2,"[-1.988, 16.337, 5.416]",4.318,71.93,-103.984
50,3ACH_prepack_ref2015_4162,129,A,Glc,403,B,C5,"[-1.988, 16.337, 5.416]",4.075,85.014,-103.984
51,3ACH_prepack_ref2015_4578,129,A,Glc,404,B,C5,"[-1.988, 16.337, 5.416]",3.801,83.481,-103.984
52,3ACH_prepack_ref2015_3465,129,A,Glc,403,B,C2,"[-1.988, 16.337, 5.416]",4.456,82.309,-103.984
53,3ACH_prepack_ref2015_1537,78,A,Glc,404,B,C2,"[-5.694, 17.523, 12.401]",4.472,-116.482,4.904
54,3ACH_prepack_ref2015_1537,129,A,Glc,403,B,C5,"[-1.988, 16.337, 5.416]",3.891,79.058,-103.984
55,3ACH_prepack_ref2015_0807,129,A,Glc,402,B,C2,"[-1.988, 16.337, 5.416]",4.043,95.564,-103.984
56,3ACH_prepack_ref2015_3618,78,A,Glc,404,B,C4,"[-5.972, 17.579, 12.221]",4.435,-115.666,6.628
57,3ACH_prepack_ref2015_1085,129,A,Glc,404,B,C5,"[-2.691, 16.073, 5.203]",4.207,92.024,-97.024
58,3ACH_prepack_ref2015_1939,78,A,Glc,404,B,C3,"[-5.694, 17.523, 12.401]",4.022,-116.147,4.904
59,3ACH_prepack_ref2015_4384,78,A,Glc,403,B,C5,"[-5.694, 17.523, 12.401]",4.238,-88.496,4.904
60,3ACH_prepack_ref2015_4805,129,A,Glc,404,B,C5,"[-1.988, 16.337, 5.416]",4.108,78.638,-103.984
61,3ACH_prepack_ref2015_1622,129,A,Glc,402,B,C2,"[-1.988, 16.337, 5.416]",4.156,67.74,-103.984
62,3ACH_prepack_ref2015_1851,129,A,Glc,404,B,C2,"[-1.988, 16.337, 5.416]",4.407,81.078,-103.984
63,3ACH_prepack_ref2015_0306,78,A,Glc,404,B,C4,"[-5.694, 17.523, 12.401]",4.246,-104.98,4.904
64,3ACH_prepack_ref2015_0306,129,A,Glc,403,B,C5,"[-2.691, 16.073, 5.203]",4.018,95.114,-97.024
65,3ACH_prepack_ref2015_3998,129,A,Glc,402,B,C4,"[-1.988, 16.337, 5.416]",4.153,92.846,-103.984
66,3ACH_prepack_ref2015_4885,129,A,Glc,403,B,C2,"[-1.988, 16.337, 5.416]",4.408,92.076,-103.984
67,3ACH_prepack_ref2015_3596,129,A,Glc,404,B,C5,"[-4.021, 15.973, 4.286]",4.298,-77.094,28.174
68,3ACH_prepack_ref2015_3643,129,A,Glc,402,B,C4,"[-1.988, 16.337, 5.416]",4.121,79.89,-103.984
69,3ACH_prepack_ref2015_4091,129,A,Glc,402,B,C2,"[-1.988, 16.337, 5.416]",4.111,94.43,-103.984
70,3ACH_prepack_ref2015_0412,78,A,Glc,404,B,C4,"[-5.972, 17.579, 12.221]",3.826,-104.466,6.628
71,3ACH_prepack_ref2015_2214,129,A,Glc,404,B,C4,"[-2.691, 16.073, 5.203]",4.332,118.581,-97.024
72,3ACH_prepack_ref2015_0489,78,A,Glc,404,B,C4,"[-5.694, 17.523, 12.401]",4.487,-85.305,4.904
73,3ACH_prepack_ref2015_4808,129,A,Glc,404,B,C4,"[-1.988, 16.337, 5.416]",3.949,72.145,-103.984
74,3ACH_prepack_ref2015_1847,129,A,Glc,401,B,C4,"[-1.988, 16.337, 5.416]",4.455,67.705,-103.984
75,3ACH_prepack_ref2015_0791,129,A,Glc,403,B,C2,"[-1.988, 16.337, 5.416]",4.111,86.47,-103.984
76,3ACH_prepack_ref2015_0263,129,A,Glc,403,B,C2,"[-1.988, 16.337, 5.416]",4.405,60.904,-103.984
77,3ACH_prepack_ref2015_3866,129,A,Glc,402,B,C2,"[-1.988, 16.337, 5.416]",4.102,94.364,-103.984
78,3ACH_prepack_ref2015_3615,78,A,Glc,404,B,C1,"[-6.042, 22.672, 11.624]",4.461,54.598,-93.142
79,3ACH_prepack_ref2015_4352,129,A,Glc,403,B,C3,"[-2.691, 16.073, 5.203]",4.484,91.196,-97.024
80,3ACH_prepack_ref2015_2202,129,A,Glc,404,B,C1,"[-2.691, 16.073, 5.203]",3.946,72.109,-97.024
81,3ACH_prepack_ref2015_1386,78,A,Glc,404,B,C2,"[-6.042, 22.672, 11.624]",4.183,60.897,-93.142
82,3ACH_prepack_ref2015_1053,129,A,Glc,403,B,C1,"[-1.988, 16.337, 5.416]",4.11,79.381,-103.984
83,3ACH_prepack_ref2015_3101,129,A,Glc,403,B,C4,"[-1.988, 16.337, 5.416]",4.005,60.222,-103.984
84,3ACH_prepack_ref2015_1048,129,A,Glc,402,B,C4,"[-1.988, 16.337, 5.416]",4.39,96.61,-103.984
85,3ACH_prepack_ref2015_0751,129,A,Glc,402,B,C2,"[-2.691, 16.073, 5.203]",4.137,73.404,-97.024
86,3ACH_prepack_ref2015_3473,129,A,Glc,404,B,C5,"[-1.988, 16.337, 5.416]",4.368,98.074,-103.984
87,3ACH_prepack_ref2015_3254,129,A,Glc,404,B,C2,"[-3.029, 16.405, 5.059]",4.271,91.232,-65.489
88,3ACH_prepack_ref2015_3069,129,A,Glc,404,B,C3,"[-2.691, 16.073, 5.203]",4.456,115.474,-97.024
89,3ACH_prepack_ref2015_2903,129,A,Glc,402,B,C4,"[-2.691, 16.073, 5.203]",4.341,65.467,-97.024
90,3ACH_prepack_ref2015_0005,78,A,Glc,404,B,C3,"[-5.694, 17.523, 12.401]",4.062,-89.921,4.904
91,3ACH_prepack_ref2015_0622,129,A,Glc,403,B,C1,"[-1.988, 16.337, 5.416]",4.051,92.944,-103.984
92,3ACH_prepack_ref2015_2770,129,A,Glc,402,B,C5,"[-1.988, 16.337, 5.416]",4.234,79.079,-103.984
93,3ACH_prepack_ref2015_2157,78,A,Glc,404,B,C2,"[-5.694, 17.523, 12.401]",4.289,-107.711,4.904
94,3ACH_prepack_ref2015_4753,129,A,Glc,404,B,C5,"[-2.691, 16.073, 5.203]",3.763,99.81,-97.024
95,3ACH_prepack_ref2015_3433,78,A,Glc,404,B,C4,"[-5.694, 17.523, 12.401]",3.961,-106.722,4.904
96,3ACH_prepack_ref2015_1346,129,A,Glc,402,B,C4,"[-1.988, 16.337, 5.416]",4.206,96.293,-103.984
97,3ACH_prepack_ref2015_1412,129,A,Glc,404,B,C2,"[-2.691, 16.073, 5.203]",4.074,79.937,-97.024
98,3ACH_prepack_ref2015_2064,129,A,Glc,402,B,C4,"[-1.988, 16.337, 5.416]",4.012,89.524,-103.984
99,3ACH_prepack_ref2015_2596,129,A,Glc,403,B,C4,"[-2.691, 16.073, 5.203]",4.077,95.485,-97.024
100,3ACH_prepack_ref2015_4813,129,A,Glc,401,B,C4,"[-1.988, 16.337, 5.416]",4.394,107.856,-103.984
101,3ACH_prepack_ref2015_2304,129,A,Glc,404,B,C2,"[-1.988, 16.337, 5.416]",4.195,83.759,-103.984
102,3ACH_prepack_ref2015_0471,129,A,Glc,401,B,C4,"[-1.988, 16.337, 5.416]",4.434,81.877,-103.984
103,3ACH_prepack_ref2015_3486,129,A,Glc,403,B,C5,"[-1.988, 16.337, 5.416]",4.453,83.316,-103.984
104,3ACH_prepack_ref2015_0158,129,A,Glc,403,B,C5,"[-1.988, 16.337, 5.416]",3.905,83.219,-103.984
105,3ACH_prepack_ref2015_0365,129,A,Glc,404,B,C2,"[-2.691, 16.073, 5.203]",4.003,86.987,-97.024
106,3ACH_prepack_ref2015_0697,129,A,Glc,404,B,C3,"[-1.988, 16.337, 5.416]",4.254,98.957,-103.984
107,3ACH_prepack_ref2015_4214,78,A,Glc,404,B,C2,"[-7.408, 17.774, 12.48]",4.352,102.282,-100.967
108,3ACH_prepack_ref2015_1732,78,A,Glc,403,B,C3,"[-5.694, 17.523, 12.401]",4.38,-94.022,4.904
109,3ACH_prepack_ref2015_1328,78,A,Glc,404,B,C5,"[-5.694, 17.523, 12.401]",4.214,-113.302,4.904
110,3ACH_prepack_ref2015_1333,78,A,Glc,404,B,C4,"[-5.694, 17.523, 12.401]",4.297,-103.133,4.904
111,3ACH_prepack_ref2015_1333,129,A,Glc,403,B,C5,"[-1.988, 16.337, 5.416]",4.418,89.247,-103.984
112,3ACH_prepack_ref2015_3389,129,A,Glc,401,B,C1,"[-1.988, 16.337, 5.416]",4.487,108.272,-103.984
113,3ACH_prepack_ref2015_2745,129,A,Glc,404,B,C4,"[-1.988, 16.337, 5.416]",4.326,67.924,-103.984
114,3ACH_prepack_ref2015_3535,78,A,Glc,403,B,C3,"[-6.302, 17.705, 12.027]",4.348,-95.191,-18.945
115,3ACH_prepack_ref2015_3535,129,A,Glc,402,B,C2,"[-2.691, 16.073, 5.203]",4.352,92.321,-97.024
116,3ACH_prepack_ref2015_4428,129,A,Glc,404,B,C3,"[-2.691, 16.073, 5.203]",4.465,103.408,-97.024
117,3ACH_prepack_ref2015_0143,129,A,Glc,402,B,C2,"[-1.988, 16.337, 5.416]",4.184,70.883,-103.984
118,3ACH_prepack_ref2015_2636,129,A,Glc,404,B,C2,"[-4.021, 15.973, 4.286]",4.358,-90.483,28.174
119,3ACH_prepack_ref2015_0103,129,A,Glc,402,B,C4,"[-1.988, 16.337, 5.416]",4.387,85.24,-103.984
120,3ACH_prepack_ref2015_0724,129,A,Glc,402,B,C2,"[-2.691, 16.073, 5.203]",4.434,107.286,-97.024
121,3ACH_prepack_ref2015_0519,78,A,Glc,404,B,C4,"[-5.694, 17.523, 12.401]",3.906,-101.01,4.904
122,3ACH_prepack_ref2015_0519,129,A,Glc,403,B,C5,"[-2.691, 16.073, 5.203]",3.909,94.463,-97.024
123,3ACH_prepack_ref2015_4726,129,A,Glc,403,B,C1,"[-1.988, 16.337, 5.416]",4.079,81.537,-103.984
124,3ACH_prepack_ref2015_0070,129,A,Glc,403,B,C3,"[-1.988, 16.337, 5.416]",4.238,91.161,-103.984
125,3ACH_prepack_ref2015_0070,78,A,Glc,404,B,C4,"[-5.694, 17.523, 12.401]",4.498,-101.016,4.904
126,3ACH_prepack_ref2015_0824,129,A,Glc,402,B,C4,"[-1.988, 16.337, 5.416]",4.191,76.532,-103.984
127,3ACH_prepack_ref2015_3785,129,A,Glc,403,B,C3,"[-1.988, 16.337, 5.416]",4.113,88.245,-103.984
128,3ACH_prepack_ref2015_0115,129,A,Glc,403,B,C1,"[-1.988, 16.337, 5.416]",4.492,95.49,-103.984
129,3ACH_prepack_ref2015_0732,129,A,Glc,403,B,C2,"[-1.988, 16.337, 5.416]",4.279,112.225,-103.984
130,3ACH_prepack_ref2015_2392,129,A,Glc,401,B,C4,"[-1.988, 16.337, 5.416]",4.169,97.089,-103.984
131,3ACH_prepack_ref2015_4259,129,A,Glc,401,B,C2,"[-2.691, 16.073, 5.203]",4.365,117.072,-97.024
132,3ACH_prepack_ref2015_1216,78,A,Glc,404,B,C4,"[-5.694, 17.523, 12.401]",3.848,-104.833,4.904
133,3ACH_prepack_ref2015_4117,129,A,Glc,404,B,C1,"[-1.988, 16.337, 5.416]",4.439,91.124,-103.984
134,3ACH_prepack_ref2015_4943,129,A,Glc,401,B,C5,"[-1.988, 16.337, 5.416]",4.338,95.262,-103.984
135,3ACH_prepack_ref2015_1365,129,A,Glc,404,B,C4,"[-1.988, 16.337, 5.416]",4.214,70.283,-103.984
136,3ACH_prepack_ref2015_0195,129,A,Glc,404,B,C3,"[-1.988, 16.337, 5.416]",4.151,79.902,-103.984
137,3ACH_prepack_ref2015_2893,129,A,Glc,403,B,C3,"[-1.988, 16.337, 5.416]",3.923,89.083,-103.984
138,3ACH_prepack_ref2015_4242,78,A,Glc,404,B,C4,"[-5.694, 17.523, 12.401]",4.007,-106.959,4.904
139,3ACH_prepack_ref2015_4242,129,A,Glc,403,B,C5,"[-1.988, 16.337, 5.416]",4.049,81.47,-103.984
140,3ACH_prepack_ref2015_2793,129,A,Glc,401,B,C4,"[-2.691, 16.073, 5.203]",3.995,101.089,-97.024
141,3ACH_prepack_ref2015_0333,129,A,Glc,403,B,C1,"[-1.988, 16.337, 5.416]",4.444,91.465,-103.984
142,3ACH_prepack_ref2015_1824,129,A,Glc,404,B,C4,"[-1.988, 16.337, 5.416]",3.761,101.748,-103.984
143,3ACH_prepack_ref2015_3705,129,A,Glc,403,B,C3,"[-1.988, 16.337, 5.416]",4.201,81.077,-103.984
144,3ACH_prepack_ref2015_0681,78,A,Glc,402,B,C4,"[-5.694, 17.523, 12.401]",3.795,-97.811,4.904
145,3ACH_prepack_ref2015_4618,129,A,Glc,402,B,C3,"[-4.027, 15.512, 4.165]",4.246,-90.901,58.449
146,3ACH_prepack_ref2015_1788,129,A,Glc,404,B,C5,"[-4.027, 15.512, 4.165]",3.85,-100.553,58.449
147,3ACH_prepack_ref2015_1888,78,A,Glc,404,B,C4,"[-5.694, 17.523, 12.401]",4.29,-104.12,4.904
148,3ACH_prepack_ref2015_1888,129,A,Glc,403,B,C5,"[-2.691, 16.073, 5.203]",3.872,82.828,-97.024
149,3ACH_prepack_ref2015_0277,129,A,Glc,403,B,C5,"[-1.988, 16.337, 5.416]",4.48,65.172,-103.984
150,3ACH_prepack_ref2015_3026,129,A,Glc,404,B,C3,"[-1.988, 16.337, 5.416]",4.389,96.705,-103.984
151,3ACH_prepack_ref2015_4048,129,A,Glc,403,B,C3,"[-1.988, 16.337, 5.416]",4.245,84.025,-103.984
152,3ACH_prepack_ref2015_1007,129,A,Glc,404,B,C2,"[-2.691, 16.073, 5.203]",4.465,64.402,-97.024
153,3ACH_prepack_ref2015_3155,78,A,Glc,404,B,C5,"[-5.694, 17.523, 12.401]",4.243,-91.056,4.904
154,3ACH_prepack_ref2015_1848,129,A,Glc,402,B,C2,"[-1.988, 16.337, 5.416]",4.441,79.641,-103.984
155,3ACH_prepack_ref2015_3200,129,A,Glc,403,B,C1,"[-1.988, 16.337, 5.416]",4.231,80.26,-103.984
156,3ACH_prepack_ref2015_3869,78,A,Glc,404,B,C2,"[-5.694, 17.523, 12.401]",4.473,-112.326,4.904
157,3ACH_prepack_ref2015_3869,129,A,Glc,403,B,C5,"[-1.988, 16.337, 5.416]",4.287,67.098,-103.984
158,3ACH_prepack_ref2015_3981,129,A,Glc,403,B,C5,"[-1.988, 16.337, 5.416]",4.206,97.696,-103.984
159,3ACH_prepack_ref2015_1575,78,A,Glc,404,B,C4,"[-5.694, 17.523, 12.401]",4.174,-99.205,4.904
160,3ACH_prepack_ref2015_1575,129,A,Glc,403,B,C5,"[-1.988, 16.337, 5.416]",4.495,76.902,-103.984
161,3ACH_prepack_ref2015_1893,129,A,Glc,402,B,C4,"[-1.988, 16.337, 5.416]",3.985,72.151,-103.984
162,3ACH_prepack_ref2015_3467,129,A,Glc,404,B,C5,"[-1.988, 16.337, 5.416]",4.453,84.391,-103.984
163,3ACH_prepack_ref2015_4492,129,A,Glc,403,B,C2,"[-1.988, 16.337, 5.416]",4.179,88.377,-103.984
164,3ACH_prepack_ref2015_2143,129,A,Glc,401,B,C2,"[-1.988, 16.337, 5.416]",4.072,100.735,-103.984
165,3ACH_prepack_ref2015_1389,129,A,Glc,402,B,C4,"[-1.988, 16.337, 5.416]",4.177,83.935,-103.984
166,3ACH_prepack_ref2015_4045,129,A,Glc,404,B,C4,"[-1.988, 16.337, 5.416]",3.927,104.855,-103.984
167,3ACH_prepack_ref2015_0134,78,A,Glc,401,B,C5,"[-5.694, 17.523, 12.401]",4.302,-108.716,4.904
168,3ACH_prepack_ref2015_0888,129,A,Glc,404,B,C2,"[-4.021, 15.973, 4.286]",4.364,-97.503,28.174
169,3ACH_prepack_ref2015_2641,129,A,Glc,402,B,C4,"[-1.988, 16.337, 5.416]",4.368,104.599,-103.984
170,3ACH_prepack_ref2015_3542,78,A,Glc,404,B,C3,"[-5.694, 17.523, 12.401]",4.458,-110.814,4.904
171,3ACH_prepack_ref2015_3158,129,A,Glc,404,B,C1,"[-4.021, 15.973, 4.286]",4.499,-85.87,28.174
172,3ACH_prepack_ref2015_1410,129,A,Glc,403,B,C5,"[-1.988, 16.337, 5.416]",4.321,60.731,-103.984
173,3ACH_prepack_ref2015_2115,129,A,Glc,403,B,C2,"[-1.988, 16.337, 5.416]",4.469,71.376,-103.984
174,3ACH_prepack_ref2015_4711,129,A,Glc,403,B,C5,"[-1.988, 16.337, 5.416]",4.243,62.557,-103.984
175,3ACH_prepack_ref2015_4136,129,A,Glc,404,B,C5,"[-2.691, 16.073, 5.203]",4.114,60.901,-97.024
176,3ACH_prepack_ref2015_4962,129,A,Glc,401,B,C5,"[-1.988, 16.337, 5.416]",4.241,86.767,-103.984
177,3ACH_prepack_ref2015_1091,129,A,Glc,402,B,C2,"[-2.691, 16.073, 5.203]",4.217,72.005,-97.024
178,3ACH_prepack_ref2015_3997,129,A,Glc,402,B,C4,"[-1.988, 16.337, 5.416]",4.317,86.023,-103.984
179,3ACH_prepack_ref2015_4922,78,A,Glc,404,B,C2,"[-5.694, 17.523, 12.401]",4.22,-114.016,4.904
180,3ACH_prepack_ref2015_2901,129,A,Glc,404,B,C5,"[-1.988, 16.337, 5.416]",4.428,50.033,-103.984
181,3ACH_prepack_ref2015_2026,129,A,Glc,401,B,C4,"[-1.988, 16.337, 5.416]",4.429,73.926,-103.984
182,3ACH_prepack_ref2015_4622,129,A,Glc,403,B,C1,"[-1.988, 16.337, 5.416]",4.289,80.869,-103.984
183,3ACH_prepack_ref2015_4238,129,A,Glc,404,B,C4,"[-1.988, 16.337, 5.416]",4.43,59.779,-103.984
184,3ACH_prepack_ref2015_1450,129,A,Glc,402,B,C2,"[-1.988, 16.337, 5.416]",4.401,75.848,-103.984
185,3ACH_prepack_ref2015_1805,129,A,Glc,401,B,C2,"[-1.988, 16.337, 5.416]",3.993,70.11,-103.984
186,3ACH_prepack_ref2015_3198,78,A,Glc,404,B,C3,"[-5.694, 17.523, 12.401]",4.449,-77.122,4.904
187,3ACH_prepack_ref2015_3198,129,A,Glc,403,B,C2,"[-1.988, 16.337, 5.416]",3.997,87.596,-103.984
188,3ACH_prepack_ref2015_3582,129,A,Glc,404,B,C5,"[-1.988, 16.337, 5.416]",4.326,61.911,-103.984
189,3ACH_prepack_ref2015_1490,129,A,Glc,403,B,C2,"[-1.988, 16.337, 5.416]",4.267,86.436,-103.984
190,3ACH_prepack_ref2015_1011,78,A,Glc,404,B,C4,"[-5.694, 17.523, 12.401]",4.095,-106.923,4.904
191,3ACH_prepack_ref2015_1011,129,A,Glc,403,B,C5,"[-1.988, 16.337, 5.416]",3.813,87.678,-103.984
192,3ACH_prepack_ref2015_1636,129,A,Glc,404,B,C2,"[-2.691, 16.073, 5.203]",4.152,100.026,-97.024
193,3ACH_prepack_ref2015_4151,129,A,Glc,402,B,C4,"[-1.988, 16.337, 5.416]",4.385,97.978,-103.984
194,3ACH_prepack_ref2015_0607,129,A,Glc,404,B,C4,"[-4.021, 15.973, 4.286]",3.926,-80.587,28.174
195,3ACH_prepack_ref2015_2568,78,A,Glc,404,B,C4,"[-5.694, 17.523, 12.401]",3.983,-101.208,4.904
196,3ACH_prepack_ref2015_0874,129,A,Glc,402,B,C4,"[-1.988, 16.337, 5.416]",4.3,64.875,-103.984
197,3ACH_prepack_ref2015_2855,129,A,Glc,401,B,C2,"[-1.988, 16.337, 5.416]",3.723,86.886,-103.984
198,3ACH_prepack_ref2015_4605,129,A,Glc,403,B,C5,"[-1.988, 16.337, 5.416]",4.259,74.572,-103.984
199,3ACH_prepack_ref2015_3342,129,A,Glc,403,B,C5,"[-2.691, 16.073, 5.203]",4.469,102.556,-97.024
200,3ACH_prepack_ref2015_4478,78,A,Glc,404,B,C4,"[-5.694, 17.523, 12.401]",4.373,-102.103,4.904
201,3ACH_prepack_ref2015_0113,78,A,Glc,404,B,C4,"[-5.972, 17.579, 12.221]",4.195,-94.906,6.628
202,3ACH_prepack_ref2015_2966,129,A,Glc,404,B,C2,"[-4.021, 15.973, 4.286]",4.083,-81.257,28.174
203,3ACH_prepack_ref2015_0647,129,A,Glc,403,B,C5,"[-1.988, 16.337, 5.416]",3.97,65.889,-103.984
204,3ACH_prepack_ref2015_0188,78,A,Glc,404,B,C5,"[-5.694, 17.523, 12.401]",4.465,-121.908,4.904
205,3ACH_prepack_ref2015_2715,129,A,Glc,403,B,C5,"[-2.691, 16.073, 5.203]",4.305,88.91,-97.024
206,3ACH_prepack_ref2015_4337,129,A,Glc,402,B,C2,"[-1.988, 16.337, 5.416]",4.145,78.911,-103.984
207,3ACH_prepack_ref2015_0589,129,A,Glc,403,B,C5,"[-1.988, 16.337, 5.416]",4.287,60.287,-103.984
208,3ACH_prepack_ref2015_2314,129,A,Glc,402,B,C4,"[-1.988, 16.337, 5.416]",4.392,64.687,-103.984
209,3ACH_prepack_ref2015_3843,129,A,Glc,401,B,C5,"[-1.988, 16.337, 5.416]",4.17,85.144,-103.984
210,3ACH_prepack_ref2015_3843,78,A,Glc,401,B,C1,"[-5.694, 17.523, 12.401]",4.419,-126.724,4.904
211,3ACH_prepack_ref2015_1911,129,A,Glc,402,B,C2,"[-2.691, 16.073, 5.203]",4.412,89.486,-97.024
212,3ACH_prepack_ref2015_3017,78,A,Glc,403,B,C3,"[-5.972, 17.579, 12.221]",3.856,-76.366,6.628
213,3ACH_prepack_ref2015_2440,78,A,Glc,404,B,C2,"[-5.694, 17.523, 12.401]",4.171,-114.662,4.904
214,3ACH_prepack_ref2015_2440,129,A,Glc,403,B,C5,"[-1.988, 16.337, 5.416]",3.987,76.466,-103.984
215,3ACH_prepack_ref2015_2227,129,A,Glc,403,B,C5,"[-1.988, 16.337, 5.416]",4.303,77.973,-103.984
216,3ACH_prepack_ref2015_1584,78,A,Glc,404,B,C4,"[-5.694, 17.523, 12.401]",3.883,-101.638,4.904
217,3ACH_prepack_ref2015_1822,129,A,Glc,402,B,C2,"[-1.988, 16.337, 5.416]",4.21,51.66,-103.984
218,3ACH_prepack_ref2015_0206,129,A,Glc,404,B,C2,"[-1.988, 16.337, 5.416]",4.365,77.861,-103.984
219,3ACH_prepack_ref2015_0421,129,A,Glc,403,B,C5,"[-1.988, 16.337, 5.416]",3.903,93.649,-103.984
220,3ACH_prepack_ref2015_3803,78,A,Glc,404,B,C2,"[-5.694, 17.523, 12.401]",4.127,-115.461,4.904
221,3ACH_prepack_ref2015_3670,129,A,Glc,403,B,C5,"[-1.988, 16.337, 5.416]",4.278,71.059,-103.984
222,3ACH_prepack_ref2015_1286,78,A,Glc,404,B,C3,"[-5.972, 17.579, 12.221]",3.763,-82.589,6.628
223,3ACH_prepack_ref2015_3568,129,A,Glc,404,B,C2,"[-4.027, 15.512, 4.165]",4.419,-73.042,58.449
224,3ACH_prepack_ref2015_2818,129,A,Glc,402,B,C4,"[-1.988, 16.337, 5.416]",4.255,85.57,-103.984
225,3ACH_prepack_ref2015_4252,78,A,Glc,404,B,C2,"[-6.717, 17.794, 11.997]",4.19,117.726,-45.877
226,3ACH_prepack_ref2015_3815,129,A,Glc,404,B,C4,"[-1.988, 16.337, 5.416]",3.707,82.719,-103.984
227,3ACH_prepack_ref2015_2097,78,A,Glc,404,B,C4,"[-5.694, 17.523, 12.401]",3.954,-103.138,4.904
228,3ACH_prepack_ref2015_0879,129,A,Glc,403,B,C4,"[-4.021, 15.973, 4.286]",4.007,-83.347,28.174
229,3ACH_prepack_ref2015_4147,78,A,Glc,404,B,C4,"[-5.694, 17.523, 12.401]",3.982,-104.257,4.904
230,3ACH_prepack_ref2015_4147,129,A,Glc,403,B,C5,"[-2.691, 16.073, 5.203]",3.838,92.601,-97.024
231,3ACH_prepack_ref2015_0036,129,A,Glc,403,B,C5,"[-1.988, 16.337, 5.416]",4.06,78.562,-103.984
232,3ACH_prepack_ref2015_0762,78,A,Glc,404,B,C2,"[-5.694, 17.523, 12.401]",4.373,-102.106,4.904
233,3ACH_prepack_ref2015_2017,129,A,Glc,404,B,C1,"[-4.021, 15.973, 4.286]",3.732,-93.94,28.174
234,3ACH_prepack_ref2015_2017,78,A,Glc,404,B,C4,"[-6.042, 22.672, 11.624]",4.425,77.44,-93.142
235,3ACH_prepack_ref2015_0911,129,A,Glc,404,B,C3,"[-1.988, 16.337, 5.416]",4.348,68.108,-103.984
236,3ACH_prepack_ref2015_4613,78,A,Glc,404,B,C4,"[-5.694, 17.523, 12.401]",4.136,-98.484,4.904
237,3ACH_prepack_ref2015_4613,129,A,Glc,403,B,C5,"[-1.988, 16.337, 5.416]",3.963,80.139,-103.984
238,3ACH_prepack_ref2015_1589,129,A,Glc,401,B,C3,"[-1.988, 16.337, 5.416]",4.345,102.813,-103.984
239,3ACH_prepack_ref2015_4820,129,A,Glc,403,B,C3,"[-2.691, 16.073, 5.203]",3.928,111.238,-97.024
240,3ACH_prepack_ref2015_4820,78,A,Glc,404,B,C5,"[-6.042, 22.672, 11.624]",4.354,53.704,-93.142
241,3ACH_prepack_ref2015_4249,129,A,Glc,402,B,C4,"[-1.988, 16.337, 5.416]",3.689,89.312,-103.984
242,3ACH_prepack_ref2015_0722,129,A,Glc,403,B,C2,"[-2.691, 16.073, 5.203]",4.328,98.267,-97.024
243,3ACH_prepack_ref2015_3400,78,A,Glc,404,B,C2,"[-5.972, 17.579, 12.221]",4.393,-113.748,6.628
244,3ACH_prepack_ref2015_3691,129,A,Glc,404,B,C3,"[-1.988, 16.337, 5.416]",4.021,79.619,-103.984
245,3ACH_prepack_ref2015_4043,129,A,Glc,404,B,C5,"[-1.988, 16.337, 5.416]",4.404,82.132,-103.984
246,3ACH_prepack_ref2015_1565,129,A,Glc,401,B,C1,"[-1.988, 16.337, 5.416]",4.277,112.329,-103.984
247,3ACH_prepack_ref2015_2947,78,A,Glc,404,B,C4,"[-5.694, 17.523, 12.401]",3.941,-98.233,4.904
248,3ACH_prepack_ref2015_2947,129,A,Glc,403,B,C5,"[-1.988, 16.337, 5.416]",4.165,74.948,-103.984
249,3ACH_prepack_ref2015_0666,129,A,Glc,402,B,C2,"[-1.988, 16.337, 5.416]",4.335,89.743,-103.984
250,3ACH_prepack_ref2015_1718,129,A,Glc,403,B,C3,"[-1.988, 16.337, 5.416]",4.426,85.085,-103.984
251,3ACH_prepack_ref2015_3185,129,A,Glc,403,B,C5,"[-1.988, 16.337, 5.416]",3.925,79.218,-103.984
252,3ACH_prepack_ref2015_4003,78,A,Glc,404,B,C1,"[-6.042, 22.672, 11.624]",4.296,54.888,-93.142
253,3ACH_prepack_ref2015_4857,129,A,Glc,402,B,C4,"[-1.988, 16.337, 5.416]",4.156,68.728,-103.984
254,3ACH_prepack_ref2015_0480,78,A,Glc,404,B,C2,"[-6.042, 22.672, 11.624]",4.003,65.22,-93.142
255,3ACH_prepack_ref2015_0926,78,A,Glc,404,B,C2,"[-6.042, 22.672, 11.624]",4.178,64.795,-93.142
256,3ACH_prepack_ref2015_2206,78,A,Glc,403,B,C3,"[-5.694, 17.523, 12.401]",4.439,-97.132,4.904
257,3ACH_prepack_ref2015_2206,129,A,Glc,402,B,C2,"[-2.691, 16.073, 5.203]",4.394,77.189,-97.024
258,3ACH_prepack_ref2015_0081,129,A,Glc,402,B,C4,"[-1.988, 16.337, 5.416]",4.34,94.948,-103.984
259,3ACH_prepack_ref2015_0573,129,A,Glc,402,B,C4,"[-1.988, 16.337, 5.416]",3.969,85.922,-103.984
260,3ACH_prepack_ref2015_4402,78,A,Glc,404,B,C4,"[-5.694, 17.523, 12.401]",4.071,-100.927,4.904
261,3ACH_prepack_ref2015_4402,129,A,Glc,403,B,C5,"[-1.988, 16.337, 5.416]",4.347,90.63,-103.984
262,3ACH_prepack_ref2015_4571,129,A,Glc,403,B,C4,"[-1.988, 16.337, 5.416]",4.381,80.794,-103.984
263,3ACH_prepack_ref2015_2108,129,A,Glc,403,B,C1,"[-1.988, 16.337, 5.416]",4.428,87.505,-103.984
264,3ACH_prepack_ref2015_4058,78,A,Glc,404,B,C2,"[-5.694, 17.523, 12.401]",4.308,-116.397,4.904
265,3ACH_prepack_ref2015_4058,129,A,Glc,403,B,C5,"[-1.988, 16.337, 5.416]",3.951,74.549,-103.984
266,3ACH_prepack_ref2015_2246,129,A,Glc,404,B,C5,"[-2.691, 16.073, 5.203]",4.49,93.24,-97.024
267,3ACH_prepack_ref2015_2193,129,A,Glc,402,B,C4,"[-1.988, 16.337, 5.416]",4.417,90.965,-103.984
268,3ACH_prepack_ref2015_3911,129,A,Glc,403,B,C4,"[-2.691, 16.073, 5.203]",4.21,88.574,-97.024
269,3ACH_prepack_ref2015_0097,129,A,Glc,404,B,C3,"[-1.988, 16.337, 5.416]",3.768,77.007,-103.984
270,3ACH_prepack_ref2015_3834,129,A,Glc,403,B,C3,"[-1.988, 16.337, 5.416]",4.378,83.725,-103.984
271,3ACH_prepack_ref2015_3647,129,A,Glc,404,B,C5,"[-2.691, 16.073, 5.203]",4.453,107.725,-97.024
272,3ACH_prepack_ref2015_1966,129,A,Glc,403,B,C2,"[-1.988, 16.337, 5.416]",4.321,75.27,-103.984
273,3ACH_prepack_ref2015_4095,78,A,Glc,401,B,C4,"[-5.694, 17.523, 12.401]",3.889,-90.499,4.904
274,3ACH_prepack_ref2015_3020,129,A,Glc,403,B,C1,"[-1.988, 16.337, 5.416]",4.363,90.45,-103.984
275,3ACH_prepack_ref2015_0399,129,A,Glc,404,B,C5,"[-1.988, 16.337, 5.416]",4.316,55.077,-103.984
276,3ACH_prepack_ref2015_0818,129,A,Glc,403,B,C1,"[-1.988, 16.337, 5.416]",4.248,89.573,-103.984
277,3ACH_prepack_ref2015_0271,129,A,Glc,404,B,C2,"[-1.988, 16.337, 5.416]",4.32,56.986,-103.984
278,3ACH_prepack_ref2015_0456,129,A,Glc,404,B,C1,"[-4.021, 15.973, 4.286]",3.59,-83.483,28.174
279,3ACH_prepack_ref2015_4881,129,A,Glc,404,B,C3,"[-2.691, 16.073, 5.203]",4.285,109.074,-97.024
280,3ACH_prepack_ref2015_1001,78,A,Glc,404,B,C4,"[-5.694, 17.523, 12.401]",3.951,-102.82,4.904
281,3ACH_prepack_ref2015_1001,129,A,Glc,403,B,C5,"[-1.988, 16.337, 5.416]",4.099,86.465,-103.984
282,3ACH_prepack_ref2015_3286,129,A,Glc,402,B,C2,"[-1.988, 16.337, 5.416]",4.453,57.65,-103.984
283,3ACH_prepack_ref2015_4669,129,A,Glc,402,B,C4,"[-1.988, 16.337, 5.416]",4.468,88.32,-103.984
284,3ACH_prepack_ref2015_0718,129,A,Glc,402,B,C2,"[-1.988, 16.337, 5.416]",4.268,77.369,-103.984
285,3ACH_prepack_ref2015_2584,129,A,Glc,402,B,C2,"[-2.691, 16.073, 5.203]",3.849,90.144,-97.024
286,3ACH_prepack_ref2015_2651,129,A,Glc,404,B,C1,"[-1.988, 16.337, 5.416]",4.03,83.688,-103.984
287,3ACH_prepack_ref2015_4268,129,A,Glc,403,B,C3,"[-1.988, 16.337, 5.416]",3.866,88.774,-103.984
288,3ACH_prepack_ref2015_3552,129,A,Glc,404,B,C4,"[-2.691, 16.073, 5.203]",4.366,98.057,-97.024
289,3ACH_prepack_ref2015_1227,129,A,Glc,402,B,C4,"[-1.988, 16.337, 5.416]",4.207,95.315,-103.984
290,3ACH_prepack_ref2015_0798,129,A,Glc,404,B,C3,"[-1.988, 16.337, 5.416]",3.767,89.291,-103.984
291,3ACH_prepack_ref2015_1169,40,A,Glc,401,B,C4,"[9.422, 13.264, 14.773]",2.376,-66.464,99.317
292,3ACH_prepack_ref2015_0630,129,A,Glc,402,B,C4,"[-1.988, 16.337, 5.416]",4.103,80.397,-103.984
293,3ACH_prepack_ref2015_2378,78,A,Glc,404,B,C4,"[-5.694, 17.523, 12.401]",3.925,-107.813,4.904
294,3ACH_prepack_ref2015_2378,129,A,Glc,403,B,C5,"[-1.988, 16.337, 5.416]",3.747,87.334,-103.984
295,3ACH_prepack_ref2015_0743,129,A,Glc,404,B,C3,"[-2.691, 16.073, 5.203]",3.834,87.678,-97.024
296,3ACH_prepack_ref2015_0496,129,A,Glc,403,B,C3,"[-2.691, 16.073, 5.203]",4.171,118.642,-97.024
297,3ACH_prepack_ref2015_2036,129,A,Glc,402,B,C4,"[-1.988, 16.337, 5.416]",4.018,99.161,-103.984
298,3ACH_prepack_ref2015_3512,129,A,Glc,402,B,C4,"[-1.988, 16.337, 5.416]",4.413,92.282,-103.984
299,3ACH_prepack_ref2015_4552,78,A,Glc,404,B,C4,"[-5.972, 17.579, 12.221]",4.352,-97.205,6.628
300,3ACH_prepack_ref2015_0985,129,A,Glc,402,B,C2,"[-1.988, 16.337, 5.416]",4.026,109.109,-103.984
301,3ACH_prepack_ref2015_1074,129,A,Glc,404,B,C4,"[-4.021, 15.973, 4.286]",4.249,-85.206,28.174
302,3ACH_prepack_ref2015_1586,129,A,Glc,403,B,C3,"[-1.988, 16.337, 5.416]",4.339,91.547,-103.984
303,3ACH_prepack_ref2015_2058,129,A,Glc,402,B,C4,"[-1.988, 16.337, 5.416]",4.358,77.865,-103.984
304,3ACH_prepack_ref2015_1292,129,A,Glc,404,B,C4,"[-2.691, 16.073, 5.203]",4.358,123.102,-97.024
305,3ACH_prepack_ref2015_4108,129,A,Glc,403,B,C1,"[-1.988, 16.337, 5.416]",3.966,82.447,-103.984
306,3ACH_prepack_ref2015_1546,129,A,Glc,402,B,C4,"[-1.988, 16.337, 5.416]",4.039,79.039,-103.984
307,3ACH_prepack_ref2015_3629,129,A,Glc,403,B,C2,"[-1.988, 16.337, 5.416]",4.239,85.849,-103.984
308,3ACH_prepack_ref2015_0111,129,A,Glc,404,B,C2,"[-2.691, 16.073, 5.203]",4.459,92.825,-97.024
309,3ACH_prepack_ref2015_1212,129,A,Glc,402,B,C4,"[-1.988, 16.337, 5.416]",4.243,98.118,-103.984
310,3ACH_prepack_ref2015_4607,129,A,Glc,402,B,C2,"[-1.988, 16.337, 5.416]",4.495,101.087,-103.984
311,3ACH_prepack_ref2015_3969,78,A,Glc,404,B,C2,"[-5.694, 17.523, 12.401]",4.402,-121.313,4.904
312,3ACH_prepack_ref2015_3969,129,A,Glc,403,B,C5,"[-1.988, 16.337, 5.416]",4.191,82.07,-103.984
313,3ACH_prepack_ref2015_3300,129,A,Glc,404,B,C4,"[-1.988, 16.337, 5.416]",4.397,89.476,-103.984
314,3ACH_prepack_ref2015_1187,129,A,Glc,404,B,C4,"[-1.988, 16.337, 5.416]",4.424,55.414,-103.984
315,3ACH_prepack_ref2015_2126,129,A,Glc,403,B,C5,"[-1.988, 16.337, 5.416]",4.106,73.754,-103.984
316,3ACH_prepack_ref2015_2701,129,A,Glc,402,B,C4,"[-2.691, 16.073, 5.203]",4.108,76.381,-97.024
317,3ACH_prepack_ref2015_0720,129,A,Glc,404,B,C5,"[-1.988, 16.337, 5.416]",3.647,88.222,-103.984
318,3ACH_prepack_ref2015_2380,129,A,Glc,404,B,C4,"[-2.691, 16.073, 5.203]",4.304,96.836,-97.024
319,3ACH_prepack_ref2015_4076,129,A,Glc,404,B,C3,"[-2.691, 16.073, 5.203]",4.175,76.458,-97.024
320,3ACH_prepack_ref2015_1244,129,A,Glc,404,B,C2,"[-4.021, 15.973, 4.286]",4.276,-81.135,28.174
321,3ACH_prepack_ref2015_3897,129,A,Glc,402,B,C4,"[-1.988, 16.337, 5.416]",4.433,79.866,-103.984
322,3ACH_prepack_ref2015_4036,129,A,Glc,404,B,C1,"[-1.988, 16.337, 5.416]",4.274,55.917,-103.984
323,3ACH_prepack_ref2015_1510,129,A,Glc,402,B,C2,"[-1.988, 16.337, 5.416]",4.17,69.524,-103.984
324,3ACH_prepack_ref2015_2166,129,A,Glc,403,B,C1,"[-1.988, 16.337, 5.416]",4.442,77.343,-103.984
325,3ACH_prepack_ref2015_4290,129,A,Glc,403,B,C3,"[-1.988, 16.337, 5.416]",4.194,96.337,-103.984
326,3ACH_prepack_ref2015_4145,129,A,Glc,403,B,C1,"[-1.988, 16.337, 5.416]",4.37,93.353,-103.984
327,3ACH_prepack_ref2015_4691,129,A,Glc,404,B,C2,"[-1.988, 16.337, 5.416]",4.443,106.85,-103.984
328,3ACH_prepack_ref2015_3459,129,A,Glc,404,B,C5,"[-1.988, 16.337, 5.416]",4.172,82.302,-103.984
329,3ACH_prepack_ref2015_0546,78,A,Glc,404,B,C2,"[-6.042, 22.672, 11.624]",4.318,59.1,-93.142
330,3ACH_prepack_ref2015_0908,78,A,Glc,404,B,C3,"[-5.694, 17.523, 12.401]",3.971,-99.826,4.904
331,3ACH_prepack_ref2015_4991,78,A,Glc,404,B,C4,"[-5.694, 17.523, 12.401]",3.871,-103.303,4.904
332,3ACH_prepack_ref2015_4879,78,A,Glc,404,B,C4,"[-5.694, 17.523, 12.401]",3.785,-107.385,4.904
333,3ACH_prepack_ref2015_4879,129,A,Glc,403,B,C5,"[-1.988, 16.337, 5.416]",3.731,80.8,-103.984
334,3ACH_prepack_ref2015_3717,129,A,Glc,404,B,C4,"[-1.988, 16.337, 5.416]",4.221,105.154,-103.984
335,3ACH_prepack_ref2015_3482,129,A,Glc,402,B,C4,"[-1.988, 16.337, 5.416]",4.21,92.004,-103.984
336,3ACH_prepack_ref2015_3757,129,A,Glc,403,B,C5,"[-1.988, 16.337, 5.416]",4.119,73.37,-103.984
337,3ACH_prepack_ref2015_0252,78,A,Glc,404,B,C2,"[-6.042, 22.672, 11.624]",4.195,58.57,-93.142
338,3ACH_prepack_ref2015_2881,129,A,Glc,402,B,C2,"[-1.988, 16.337, 5.416]",4.371,57.729,-103.984
339,3ACH_prepack_ref2015_4504,129,A,Glc,402,B,C2,"[-1.988, 16.337, 5.416]",4.07,66.638,-103.984
340,3ACH_prepack_ref2015_1701,129,A,Glc,401,B,C3,"[-1.988, 16.337, 5.416]",3.78,82.538,-103.984
341,3ACH_prepack_ref2015_3249,129,A,Glc,403,B,C2,"[-1.988, 16.337, 5.416]",4.215,110.543,-103.984
342,3ACH_prepack_ref2015_3074,78,A,Glc,404,B,C5,"[-6.042, 22.672, 11.624]",4.341,72.097,-93.142
343,3ACH_prepack_ref2015_0018,129,A,Glc,404,B,C1,"[-4.021, 15.973, 4.286]",3.906,-90.831,28.174
344,3ACH_prepack_ref2015_4573,129,A,Glc,403,B,C3,"[-1.988, 16.337, 5.416]",4.125,103.731,-103.984
345,3ACH_prepack_ref2015_1055,78,A,Glc,404,B,C4,"[-5.694, 17.523, 12.401]",3.935,-108.39,4.904
346,3ACH_prepack_ref2015_1055,129,A,Glc,403,B,C5,"[-1.988, 16.337, 5.416]",3.788,86.965,-103.984
347,3ACH_prepack_ref2015_1380,129,A,Glc,403,B,C1,"[-1.988, 16.337, 5.416]",4.198,87.848,-103.984
348,3ACH_prepack_ref2015_1380,78,A,Glc,404,B,C4,"[-5.694, 17.523, 12.401]",4.209,-93.835,4.904
349,3ACH_prepack_ref2015_4227,129,A,Glc,404,B,C3,"[-1.988, 16.337, 5.416]",3.774,84.847,-103.984
350,3ACH_prepack_ref2015_0499,78,A,Glc,404,B,C4,"[-5.694, 17.523, 12.401]",3.994,-102.968,4.904
351,3ACH_prepack_ref2015_0499,129,A,Glc,403,B,C5,"[-2.691, 16.073, 5.203]",3.632,94.114,-97.024
352,3ACH_prepack_ref2015_2204,129,A,Glc,403,B,C3,"[-1.988, 16.337, 5.416]",4.402,79.186,-103.984
353,3ACH_prepack_ref2015_2039,129,A,Glc,403,B,C4,"[-4.027, 15.512, 4.165]",4.295,-65.74,58.449
354,3ACH_prepack_ref2015_2985,129,A,Glc,403,B,C5,"[-1.988, 16.337, 5.416]",4.026,73.265,-103.984
355,3ACH_prepack_ref2015_0482,129,A,Glc,402,B,C4,"[-1.988, 16.337, 5.416]",4.303,77.722,-103.984
356,3ACH_prepack_ref2015_0924,65,A,Glc,404,B,C2,"[3.346, 17.03, 23.216]",3.286,-82.221,105.793
357,3ACH_prepack_ref2015_4480,129,A,Glc,403,B,C5,"[-1.988, 16.337, 5.416]",4.113,91.083,-103.984
358,3ACH_prepack_ref2015_4568,129,A,Glc,404,B,C4,"[-1.988, 16.337, 5.416]",4.246,111.763,-103.984
359,3ACH_prepack_ref2015_1527,129,A,Glc,401,B,C5,"[-1.988, 16.337, 5.416]",4.328,81.97,-103.984
360,3ACH_prepack_ref2015_0396,129,A,Glc,403,B,C5,"[-1.988, 16.337, 5.416]",4.168,76.955,-103.984
361,3ACH_prepack_ref2015_0459,129,A,Glc,403,B,C4,"[-4.021, 15.973, 4.286]",4.019,-80.435,28.174
362,3ACH_prepack_ref2015_3212,129,A,Glc,404,B,C2,"[-4.021, 15.973, 4.286]",3.982,-71.883,28.174
363,3ACH_prepack_ref2015_3993,129,A,Glc,404,B,C5,"[-2.691, 16.073, 5.203]",4.466,71.643,-97.024
364,3ACH_prepack_ref2015_1095,129,A,Glc,402,B,C4,"[-1.988, 16.337, 5.416]",3.996,76.178,-103.984
365,3ACH_prepack_ref2015_4666,129,A,Glc,404,B,C3,"[-2.691, 16.073, 5.203]",4.096,96.856,-97.024
366,3ACH_prepack_ref2015_4394,129,A,Glc,403,B,C1,"[-1.988, 16.337, 5.416]",4.275,85.556,-103.984
367,3ACH_prepack_ref2015_4394,78,A,Glc,404,B,C4,"[-5.694, 17.523, 12.401]",4.07,-94.624,4.904
368,3ACH_prepack_ref2015_2645,78,A,Glc,404,B,C2,"[-5.694, 17.523, 12.401]",4.467,-88.908,4.904
369,3ACH_prepack_ref2015_0494,129,A,Glc,403,B,C4,"[-2.572, 15.816, 5.217]",3.727,89.445,-114.869
370,3ACH_prepack_ref2015_2860,129,A,Glc,404,B,C5,"[-1.988, 16.337, 5.416]",4.192,62.337,-103.984
371,3ACH_prepack_ref2015_4630,78,A,Glc,404,B,C2,"[-6.042, 22.672, 11.624]",4.255,58.691,-93.142
372,3ACH_prepack_ref2015_3191,129,A,Glc,403,B,C5,"[-1.988, 16.337, 5.416]",4.006,83.391,-103.984
373,3ACH_prepack_ref2015_1316,78,A,Glc,404,B,C4,"[-5.694, 17.523, 12.401]",4.484,-87.362,4.904
374,3ACH_prepack_ref2015_4164,78,A,Glc,403,B,C3,"[-5.694, 17.523, 12.401]",4.488,-64.495,4.904
375,3ACH_prepack_ref2015_4359,129,A,Glc,402,B,C2,"[-1.988, 16.337, 5.416]",3.763,69.672,-103.984
376,3ACH_prepack_ref2015_0055,129,A,Glc,402,B,C2,"[-1.988, 16.337, 5.416]",3.891,66.896,-103.984
377,3ACH_prepack_ref2015_0672,129,A,Glc,402,B,C2,"[-1.988, 16.337, 5.416]",4.391,74.242,-103.984
378,3ACH_prepack_ref2015_2720,129,A,Glc,403,B,C5,"[-2.691, 16.073, 5.203]",4.1,77.991,-97.024
379,3ACH_prepack_ref2015_4898,129,A,Glc,402,B,C4,"[-1.988, 16.337, 5.416]",4.416,96.245,-103.984
380,3ACH_prepack_ref2015_3685,129,A,Glc,402,B,C2,"[-1.988, 16.337, 5.416]",4.359,95.969,-103.984
381,3ACH_prepack_ref2015_2475,129,A,Glc,403,B,C3,"[-4.021, 15.973, 4.286]",4.416,-95.313,28.174
382,3ACH_prepack_ref2015_0527,129,A,Glc,404,B,C1,"[-4.027, 15.512, 4.165]",4.388,-64.695,58.449
383,3ACH_prepack_ref2015_3151,78,A,Glc,404,B,C4,"[-5.972, 17.579, 12.221]",4.39,-117.703,6.628
384,3ACH_prepack_ref2015_4883,129,A,Glc,403,B,C3,"[-1.988, 16.337, 5.416]",4.47,103.894,-103.984
385,3ACH_prepack_ref2015_1924,129,A,Glc,404,B,C3,"[-2.691, 16.073, 5.203]",3.762,85.788,-97.024
386,3ACH_prepack_ref2015_3022,129,A,Glc,402,B,C4,"[-1.988, 16.337, 5.416]",4.382,89.966,-103.984
387,3ACH_prepack_ref2015_2908,129,A,Glc,402,B,C2,"[-1.988, 16.337, 5.416]",4.031,74.41,-103.984
388,3ACH_prepack_ref2015_2361,78,A,Glc,403,B,C5,"[-5.694, 17.523, 12.401]",3.897,-86.565,4.904
389,3ACH_prepack_ref2015_4342,129,A,Glc,403,B,C1,"[-1.988, 16.337, 5.416]",4.3,85.441,-103.984
390,3ACH_prepack_ref2015_1130,129,A,Glc,404,B,C4,"[-2.691, 16.073, 5.203]",4.184,101.878,-97.024
391,3ACH_prepack_ref2015_3478,129,A,Glc,402,B,C4,"[-1.988, 16.337, 5.416]",4.331,79.816,-103.984
392,3ACH_prepack_ref2015_2435,129,A,Glc,402,B,C4,"[-2.691, 16.073, 5.203]",4.103,82.541,-97.024
393,3ACH_prepack_ref2015_1664,129,A,Glc,402,B,C4,"[-1.988, 16.337, 5.416]",4.107,73.331,-103.984
394,3ACH_prepack_ref2015_3736,129,A,Glc,403,B,C5,"[-1.988, 16.337, 5.416]",4.234,73.525,-103.984
395,3ACH_prepack_ref2015_4301,129,A,Glc,404,B,C1,"[-1.988, 16.337, 5.416]",4.335,68.735,-103.984
396,3ACH_prepack_ref2015_2738,129,A,Glc,401,B,C4,"[-1.988, 16.337, 5.416]",3.969,75.794,-103.984
397,3ACH_prepack_ref2015_0398,78,A,Glc,401,B,C1,"[-5.694, 17.523, 12.401]",4.104,-88.111,4.904
398,3ACH_prepack_ref2015_2505,129,A,Glc,403,B,C1,"[-1.988, 16.337, 5.416]",4.145,88.675,-103.984
399,3ACH_prepack_ref2015_1754,129,A,Glc,404,B,C5,"[-4.021, 15.973, 4.286]",3.832,-93.727,28.174
400,3ACH_prepack_ref2015_0303,78,A,Glc,404,B,C5,"[-5.694, 17.523, 12.401]",4.151,-109.526,4.904
401,3ACH_prepack_ref2015_0303,129,A,Glc,403,B,C5,"[-1.988, 16.337, 5.416]",4.204,80.972,-103.984
402,3ACH_prepack_ref2015_0719,129,A,Glc,402,B,C4,"[-1.988, 16.337, 5.416]",4.025,79.018,-103.984
403,3ACH_prepack_ref2015_2838,78,A,Glc,404,B,C2,"[-6.042, 22.672, 11.624]",4.072,77.373,-93.142
404,3ACH_prepack_ref2015_3775,129,A,Glc,403,B,C4,"[-1.988, 16.337, 5.416]",3.735,76.423,-103.984
405,3ACH_prepack_ref2015_1854,129,A,Glc,404,B,C2,"[-4.021, 15.973, 4.286]",4.046,-66.964,28.174
406,3ACH_prepack_ref2015_4415,129,A,Glc,403,B,C3,"[-1.988, 16.337, 5.416]",4.182,87.346,-103.984
407,3ACH_prepack_ref2015_2211,129,A,Glc,404,B,C1,"[-4.021, 15.973, 4.286]",4.189,-86.162,28.174
408,3ACH_prepack_ref2015_1040,129,A,Glc,404,B,C1,"[-2.691, 16.073, 5.203]",4.456,84.493,-97.024
409,3ACH_prepack_ref2015_4341,78,A,Glc,404,B,C2,"[-5.694, 17.523, 12.401]",4.274,-98.89,4.904
410,3ACH_prepack_ref2015_1894,78,A,Glc,401,B,C2,"[-6.042, 22.672, 11.624]",3.94,65.317,-93.142
411,3ACH_prepack_ref2015_0842,129,A,Glc,404,B,C3,"[-1.988, 16.337, 5.416]",4.306,65.617,-103.984
412,3ACH_prepack_ref2015_0358,129,A,Glc,404,B,C4,"[-1.988, 16.337, 5.416]",4.348,79.623,-103.984
413,3ACH_prepack_ref2015_0165,129,A,Glc,404,B,C5,"[-4.021, 15.973, 4.286]",3.756,-79.811,28.174
414,3ACH_prepack_ref2015_4269,129,A,Glc,402,B,C2,"[-1.988, 16.337, 5.416]",4.068,65.674,-103.984
415,3ACH_prepack_ref2015_4673,78,A,Glc,402,B,C4,"[-5.694, 17.523, 12.401]",4.439,-105.128,4.904
416,3ACH_prepack_ref2015_1080,129,A,Glc,401,B,C1,"[-1.988, 16.337, 5.416]",3.777,91.963,-103.984
417,3ACH_prepack_ref2015_0056,129,A,Glc,402,B,C4,"[-1.988, 16.337, 5.416]",4.238,77.852,-103.984
418,3ACH_prepack_ref2015_0671,129,A,Glc,404,B,C3,"[-2.691, 16.073, 5.203]",4.117,106.54,-97.024
419,3ACH_prepack_ref2015_0383,129,A,Glc,404,B,C5,"[-1.988, 16.337, 5.416]",4.445,58.305,-103.984
420,3ACH_prepack_ref2015_4099,129,A,Glc,404,B,C3,"[-2.691, 16.073, 5.203]",4.0,93.821,-97.024
421,3ACH_prepack_ref2015_1524,129,A,Glc,404,B,C3,"[-1.988, 16.337, 5.416]",4.231,93.99,-103.984
422,3ACH_prepack_ref2015_3838,129,A,Glc,404,B,C4,"[-1.988, 16.337, 5.416]",4.495,71.011,-103.984
423,3ACH_prepack_ref2015_3184,129,A,Glc,404,B,C1,"[-2.691, 16.073, 5.203]",4.429,80.271,-97.024
424,3ACH_prepack_ref2015_2606,129,A,Glc,403,B,C2,"[-1.988, 16.337, 5.416]",4.207,86.233,-103.984
425,3ACH_prepack_ref2015_3322,78,A,Glc,404,B,C1,"[-5.694, 17.523, 12.401]",4.005,-108.046,4.904
426,3ACH_prepack_ref2015_4816,78,A,Glc,404,B,C4,"[-5.694, 17.523, 12.401]",3.887,-110.436,4.904
427,3ACH_prepack_ref2015_4816,129,A,Glc,403,B,C5,"[-1.988, 16.337, 5.416]",3.908,82.119,-103.984
428,3ACH_prepack_ref2015_1859,129,A,Glc,403,B,C2,"[-1.988, 16.337, 5.416]",4.297,88.775,-103.984
429,3ACH_prepack_ref2015_3690,129,A,Glc,404,B,C5,"[-4.021, 15.973, 4.286]",3.854,-70.966,28.174
430,3ACH_prepack_ref2015_2735,129,A,Glc,402,B,C2,"[-1.988, 16.337, 5.416]",4.285,77.221,-103.984
431,3ACH_prepack_ref2015_0395,129,A,Glc,402,B,C2,"[-1.988, 16.337, 5.416]",4.131,70.397,-103.984
432,3ACH_prepack_ref2015_3990,129,A,Glc,402,B,C2,"[-1.988, 16.337, 5.416]",4.295,67.661,-103.984
433,3ACH_prepack_ref2015_1383,129,A,Glc,404,B,C4,"[-1.988, 16.337, 5.416]",4.365,53.072,-103.984
434,3ACH_prepack_ref2015_2986,129,A,Glc,403,B,C3,"[-1.988, 16.337, 5.416]",4.414,108.077,-103.984
435,3ACH_prepack_ref2015_2207,129,A,Glc,404,B,C3,"[-2.691, 16.073, 5.203]",4.116,92.851,-97.024
436,3ACH_prepack_ref2015_0168,129,A,Glc,403,B,C1,"[-1.988, 16.337, 5.416]",4.365,104.345,-103.984
437,3ACH_prepack_ref2015_1702,78,A,Glc,404,B,C3,"[-5.694, 17.523, 12.401]",4.357,-92.515,4.904
438,3ACH_prepack_ref2015_3133,129,A,Glc,403,B,C5,"[-1.988, 16.337, 5.416]",4.423,78.926,-103.984
439,3ACH_prepack_ref2015_4547,129,A,Glc,404,B,C2,"[-1.988, 16.337, 5.416]",3.894,76.218,-103.984
440,3ACH_prepack_ref2015_0878,129,A,Glc,402,B,C2,"[-1.988, 16.337, 5.416]",4.186,76.437,-103.984
441,3ACH_prepack_ref2015_3627,129,A,Glc,403,B,C3,"[-1.988, 16.337, 5.416]",3.845,94.321,-103.984
442,3ACH_prepack_ref2015_1152,78,A,Glc,404,B,C5,"[-5.694, 17.523, 12.401]",4.458,-115.225,4.904
443,3ACH_prepack_ref2015_1775,78,A,Glc,403,B,C4,"[-6.042, 22.672, 11.624]",4.442,67.875,-93.142
444,3ACH_prepack_ref2015_1207,129,A,Glc,404,B,C4,"[-1.988, 16.337, 5.416]",4.177,108.874,-103.984
445,3ACH_prepack_ref2015_1420,129,A,Glc,403,B,C3,"[-2.691, 16.073, 5.203]",4.316,83.598,-97.024
446,3ACH_prepack_ref2015_0339,129,A,Glc,402,B,C2,"[-1.988, 16.337, 5.416]",4.369,56.144,-103.984
447,3ACH_prepack_ref2015_0104,129,A,Glc,404,B,C5,"[-2.691, 16.073, 5.203]",4.243,97.482,-97.024
448,3ACH_prepack_ref2015_1374,129,A,Glc,403,B,C3,"[-1.988, 16.337, 5.416]",3.982,83.522,-103.984
449,3ACH_prepack_ref2015_1374,78,A,Glc,404,B,C4,"[-5.694, 17.523, 12.401]",4.129,-98.682,4.904
450,3ACH_prepack_ref2015_2899,129,A,Glc,402,B,C4,"[-1.988, 16.337, 5.416]",4.447,87.491,-103.984
451,3ACH_prepack_ref2015_1334,129,A,Glc,403,B,C5,"[-2.691, 16.073, 5.203]",4.086,85.539,-97.024
452,3ACH_prepack_ref2015_1513,129,A,Glc,402,B,C2,"[-2.691, 16.073, 5.203]",3.994,89.502,-97.024
453,3ACH_prepack_ref2015_2742,129,A,Glc,404,B,C4,"[-1.988, 16.337, 5.416]",4.453,106.45,-103.984
454,3ACH_prepack_ref2015_2165,129,A,Glc,403,B,C4,"[-1.988, 16.337, 5.416]",4.246,80.797,-103.984
455,3ACH_prepack_ref2015_2931,129,A,Glc,403,B,C4,"[-3.029, 16.405, 5.059]",4.123,107.148,-65.489
456,3ACH_prepack_ref2015_4761,129,A,Glc,402,B,C2,"[-1.988, 16.337, 5.416]",4.473,82.939,-103.984
457,3ACH_prepack_ref2015_4035,129,A,Glc,403,B,C1,"[-1.988, 16.337, 5.416]",4.471,64.5,-103.984
458,3ACH_prepack_ref2015_4989,129,A,Glc,404,B,C2,"[-1.988, 16.337, 5.416]",4.178,100.867,-103.984
459,3ACH_prepack_ref2015_2631,78,A,Glc,404,B,C3,"[-5.694, 17.523, 12.401]",3.916,-90.914,4.904
460,3ACH_prepack_ref2015_2667,129,A,Glc,402,B,C4,"[-1.988, 16.337, 5.416]",4.219,77.513,-103.984
461,3ACH_prepack_ref2015_0946,129,A,Glc,403,B,C5,"[-1.988, 16.337, 5.416]",3.988,82.767,-103.984
462,3ACH_prepack_ref2015_1211,129,A,Glc,404,B,C5,"[-1.988, 16.337, 5.416]",3.916,102.373,-103.984
463,3ACH_prepack_ref2015_3564,129,A,Glc,404,B,C1,"[-2.691, 16.073, 5.203]",4.165,75.365,-97.024
464,3ACH_prepack_ref2015_4944,129,A,Glc,403,B,C5,"[-2.691, 16.073, 5.203]",4.449,90.57,-97.024
465,3ACH_prepack_ref2015_1690,129,A,Glc,403,B,C3,"[-1.988, 16.337, 5.416]",4.307,83.292,-103.984
466,3ACH_prepack_ref2015_1690,78,A,Glc,404,B,C4,"[-5.694, 17.523, 12.401]",4.419,-108.944,4.904
467,3ACH_prepack_ref2015_1778,129,A,Glc,402,B,C2,"[-1.988, 16.337, 5.416]",4.409,59.249,-103.984
468,3ACH_prepack_ref2015_3859,129,A,Glc,402,B,C4,"[-1.988, 16.337, 5.416]",4.208,92.812,-103.984
469,3ACH_prepack_ref2015_3230,129,A,Glc,402,B,C4,"[-1.988, 16.337, 5.416]",3.775,85.679,-103.984
470,3ACH_prepack_ref2015_4904,129,A,Glc,403,B,C3,"[-1.988, 16.337, 5.416]",4.264,81.717,-103.984
471,3ACH_prepack_ref2015_1322,129,A,Glc,401,B,C1,"[-1.988, 16.337, 5.416]",4.081,110.202,-103.984
472,3ACH_prepack_ref2015_1738,129,A,Glc,404,B,C4,"[-2.691, 16.073, 5.203]",4.484,101.831,-97.024
473,3ACH_prepack_ref2015_2854,129,A,Glc,404,B,C4,"[-1.988, 16.337, 5.416]",4.492,70.753,-103.984
474,3ACH_prepack_ref2015_3303,78,A,Glc,404,B,C2,"[-6.042, 22.672, 11.624]",4.403,60.644,-93.142
475,3ACH_prepack_ref2015_1650,129,A,Glc,403,B,C5,"[-1.988, 16.337, 5.416]",4.376,75.946,-103.984
476,3ACH_prepack_ref2015_0149,129,A,Glc,403,B,C4,"[-4.021, 15.973, 4.286]",4.443,-97.363,28.174
477,3ACH_prepack_ref2015_2168,129,A,Glc,401,B,C2,"[-1.988, 16.337, 5.416]",4.372,113.774,-103.984
478,3ACH_prepack_ref2015_3631,78,A,Glc,401,B,C5,"[-5.694, 17.523, 12.401]",4.442,-106.603,4.904
479,3ACH_prepack_ref2015_3016,129,A,Glc,403,B,C5,"[-1.988, 16.337, 5.416]",3.971,87.862,-103.984
480,3ACH_prepack_ref2015_0192,129,A,Glc,404,B,C4,"[-2.691, 16.073, 5.203]",3.952,107.384,-97.024
481,3ACH_prepack_ref2015_3931,129,A,Glc,404,B,C2,"[-2.691, 16.073, 5.203]",4.262,95.276,-97.024
482,3ACH_prepack_ref2015_3931,78,A,Glc,404,B,C4,"[-5.694, 17.523, 12.401]",4.42,-113.309,4.904
483,3ACH_prepack_ref2015_4125,78,A,Glc,404,B,C2,"[-5.694, 17.523, 12.401]",3.854,-87.489,4.904
484,3ACH_prepack_ref2015_0269,129,A,Glc,404,B,C5,"[-4.021, 15.973, 4.286]",4.46,-57.235,28.174
485,3ACH_prepack_ref2015_1570,129,A,Glc,403,B,C2,"[-1.988, 16.337, 5.416]",4.314,78.609,-103.984
486,3ACH_prepack_ref2015_4056,129,A,Glc,403,B,C4,"[-2.691, 16.073, 5.203]",4.461,59.54,-97.024
487,3ACH_prepack_ref2015_1019,78,A,Glc,404,B,C4,"[-5.694, 17.523, 12.401]",3.912,-101.197,4.904
488,3ACH_prepack_ref2015_4016,78,A,Glc,404,B,C3,"[-5.694, 17.523, 12.401]",3.999,-86.805,4.904
489,3ACH_prepack_ref2015_2861,129,A,Glc,403,B,C5,"[-2.691, 16.073, 5.203]",4.106,86.354,-97.024
490,3ACH_prepack_ref2015_3336,129,A,Glc,402,B,C4,"[-1.988, 16.337, 5.416]",4.332,93.404,-103.984
491,3ACH_prepack_ref2015_0014,129,A,Glc,403,B,C2,"[-1.988, 16.337, 5.416]",4.003,101.632,-103.984
492,3ACH_prepack_ref2015_3591,78,A,Glc,404,B,C3,"[-5.694, 17.523, 12.401]",4.069,-103.548,4.904
493,3ACH_prepack_ref2015_3479,129,A,Glc,402,B,C2,"[-1.988, 16.337, 5.416]",4.196,64.341,-103.984
494,3ACH_prepack_ref2015_1665,78,A,Glc,404,B,C4,"[-5.694, 17.523, 12.401]",4.118,-108.459,4.904
495,3ACH_prepack_ref2015_0566,129,A,Glc,402,B,C4,"[-1.988, 16.337, 5.416]",4.272,78.551,-103.984
496,3ACH_prepack_ref2015_2992,129,A,Glc,404,B,C5,"[-2.691, 16.073, 5.203]",4.45,81.296,-97.024
497,3ACH_prepack_ref2015_3150,129,A,Glc,403,B,C4,"[-4.027, 15.512, 4.165]",4.37,-107.253,58.449
498,3ACH_prepack_ref2015_4398,129,A,Glc,401,B,C2,"[-1.988, 16.337, 5.416]",3.957,100.401,-103.984
499,3ACH_prepack_ref2015_2253,129,A,Glc,403,B,C4,"[-1.988, 16.337, 5.416]",4.35,74.386,-103.984
500,3ACH_prepack_ref2015_3604,129,A,Glc,402,B,C2,"[-1.988, 16.337, 5.416]",4.28,67.556,-103.984
501,3ACH_prepack_ref2015_1171,129,A,Glc,403,B,C3,"[-1.988, 16.337, 5.416]",3.987,70.743,-103.984
502,3ACH_prepack_ref2015_0272,129,A,Glc,404,B,C5,"[-1.988, 16.337, 5.416]",3.849,81.482,-103.984
503,3ACH_prepack_ref2015_0455,129,A,Glc,404,B,C2,"[-4.027, 15.512, 4.165]",4.389,-57.925,58.449
504,3ACH_prepack_ref2015_2949,129,A,Glc,404,B,C1,"[-1.988, 16.337, 5.416]",4.402,72.476,-103.984
505,3ACH_prepack_ref2015_2551,129,A,Glc,403,B,C5,"[-1.988, 16.337, 5.416]",4.161,82.017,-103.984
506,3ACH_prepack_ref2015_1381,129,A,Glc,404,B,C1,"[-1.988, 16.337, 5.416]",4.364,84.546,-103.984
507,3ACH_prepack_ref2015_4441,129,A,Glc,404,B,C5,"[-2.691, 16.073, 5.203]",4.308,106.606,-97.024
508,3ACH_prepack_ref2015_1633,78,A,Glc,404,B,C4,"[-5.694, 17.523, 12.401]",4.338,-109.66,4.904
509,3ACH_prepack_ref2015_3912,129,A,Glc,402,B,C2,"[-1.988, 16.337, 5.416]",3.988,69.023,-103.984
510,3ACH_prepack_ref2015_4315,129,A,Glc,402,B,C4,"[-1.988, 16.337, 5.416]",4.09,81.115,-103.984
511,3ACH_prepack_ref2015_3434,78,A,Glc,404,B,C5,"[-6.042, 22.672, 11.624]",4.463,57.422,-93.142
512,3ACH_prepack_ref2015_3288,78,A,Glc,404,B,C4,"[-5.694, 17.523, 12.401]",4.091,-105.35,4.904
513,3ACH_prepack_ref2015_3288,129,A,Glc,403,B,C5,"[-1.988, 16.337, 5.416]",4.436,89.69,-103.984
514,3ACH_prepack_ref2015_2023,129,A,Glc,404,B,C4,"[-1.988, 16.337, 5.416]",4.359,68.548,-103.984
515,3ACH_prepack_ref2015_2014,129,A,Glc,403,B,C2,"[-1.988, 16.337, 5.416]",4.276,107.172,-103.984
516,3ACH_prepack_ref2015_2229,78,A,Glc,404,B,C2,"[-5.694, 17.523, 12.401]",4.463,-104.448,4.904
517,3ACH_prepack_ref2015_4610,129,A,Glc,403,B,C4,"[-1.988, 16.337, 5.416]",4.47,82.55,-103.984
518,3ACH_prepack_ref2015_3317,129,A,Glc,404,B,C2,"[-2.691, 16.073, 5.203]",4.453,64.143,-97.024
519,3ACH_prepack_ref2015_1078,129,A,Glc,404,B,C1,"[-1.988, 16.337, 5.416]",3.923,95.727,-103.984
520,3ACH_prepack_ref2015_2740,129,A,Glc,402,B,C4,"[-1.988, 16.337, 5.416]",4.499,84.236,-103.984
521,3ACH_prepack_ref2015_2933,129,A,Glc,404,B,C2,"[-1.988, 16.337, 5.416]",4.49,92.127,-103.984
522,3ACH_prepack_ref2015_1511,129,A,Glc,404,B,C5,"[-1.988, 16.337, 5.416]",4.404,89.234,-103.984
523,3ACH_prepack_ref2015_3264,78,A,Glc,404,B,C3,"[-5.694, 17.523, 12.401]",4.402,-97.066,4.904
524,3ACH_prepack_ref2015_2700,129,A,Glc,403,B,C1,"[-1.988, 16.337, 5.416]",4.444,106.173,-103.984
525,3ACH_prepack_ref2015_2127,129,A,Glc,403,B,C4,"[-4.021, 15.973, 4.286]",4.35,-84.815,28.174
526,3ACH_prepack_ref2015_0652,129,A,Glc,404,B,C4,"[-2.691, 16.073, 5.203]",4.242,77.143,-97.024
527,3ACH_prepack_ref2015_1551,129,A,Glc,404,B,C2,"[-1.988, 16.337, 5.416]",4.428,67.694,-103.984
528,3ACH_prepack_ref2015_4585,129,A,Glc,404,B,C5,"[-2.691, 16.073, 5.203]",4.347,87.556,-97.024
529,3ACH_prepack_ref2015_4650,78,A,Glc,402,B,C3,"[-5.694, 17.523, 12.401]",4.404,-104.162,4.904
530,3ACH_prepack_ref2015_1439,129,A,Glc,403,B,C5,"[-1.988, 16.337, 5.416]",4.313,87.387,-103.984
531,3ACH_prepack_ref2015_1604,129,A,Glc,402,B,C2,"[-1.988, 16.337, 5.416]",4.137,100.288,-103.984
532,3ACH_prepack_ref2015_4476,129,A,Glc,404,B,C5,"[-4.021, 15.973, 4.286]",4.355,-54.833,28.174
533,3ACH_prepack_ref2015_3625,129,A,Glc,404,B,C3,"[-4.021, 15.973, 4.286]",3.998,-83.383,28.174
534,3ACH_prepack_ref2015_2301,78,A,Glc,404,B,C4,"[-5.694, 17.523, 12.401]",4.432,-101.288,4.904
535,3ACH_prepack_ref2015_3816,129,A,Glc,404,B,C2,"[-2.691, 16.073, 5.203]",4.1,109.673,-97.024
536,3ACH_prepack_ref2015_2341,129,A,Glc,402,B,C4,"[-1.988, 16.337, 5.416]",4.454,78.903,-103.984
537,3ACH_prepack_ref2015_2094,129,A,Glc,403,B,C1,"[-1.988, 16.337, 5.416]",4.376,104.34,-103.984
538,3ACH_prepack_ref2015_4690,129,A,Glc,401,B,C3,"[-1.988, 16.337, 5.416]",4.07,88.217,-103.984
539,3ACH_prepack_ref2015_1591,78,A,Glc,404,B,C4,"[-5.694, 17.523, 12.401]",4.017,-105.986,4.904
540,3ACH_prepack_ref2015_1063,78,A,Glc,404,B,C4,"[-5.694, 17.523, 12.401]",4.068,-108.216,4.904
541,3ACH_prepack_ref2015_2628,129,A,Glc,404,B,C1,"[-4.021, 15.973, 4.286]",4.424,-107.057,28.174
542,3ACH_prepack_ref2015_0336,129,A,Glc,403,B,C5,"[-1.988, 16.337, 5.416]",4.053,89.437,-103.984
543,3ACH_prepack_ref2015_4247,129,A,Glc,403,B,C5,"[-1.988, 16.337, 5.416]",3.881,86.885,-103.984
544,3ACH_prepack_ref2015_3495,129,A,Glc,404,B,C3,"[-1.988, 16.337, 5.416]",3.924,111.769,-103.984
545,3ACH_prepack_ref2015_3633,129,A,Glc,404,B,C4,"[-1.988, 16.337, 5.416]",4.223,70.951,-103.984
546,3ACH_prepack_ref2015_1912,129,A,Glc,404,B,C2,"[-1.988, 16.337, 5.416]",4.24,80.117,-103.984
547,3ACH_prepack_ref2015_0422,129,A,Glc,404,B,C3,"[-2.691, 16.073, 5.203]",4.285,91.225,-97.024
548,3ACH_prepack_ref2015_4553,129,A,Glc,402,B,C2,"[-1.988, 16.337, 5.416]",4.348,89.438,-103.984
549,3ACH_prepack_ref2015_4374,78,A,Glc,404,B,C5,"[-6.042, 22.672, 11.624]",4.312,83.31,-93.142
550,3ACH_prepack_ref2015_1952,129,A,Glc,404,B,C1,"[-1.988, 16.337, 5.416]",4.317,74.847,-103.984
551,3ACH_prepack_ref2015_3673,129,A,Glc,403,B,C2,"[-1.988, 16.337, 5.416]",4.373,78.265,-103.984
552,3ACH_prepack_ref2015_1821,129,A,Glc,403,B,C3,"[-1.988, 16.337, 5.416]",4.363,85.151,-103.984
553,3ACH_prepack_ref2015_1248,129,A,Glc,403,B,C4,"[-1.988, 16.337, 5.416]",4.338,90.375,-103.984
554,3ACH_prepack_ref2015_3127,129,A,Glc,404,B,C4,"[-1.988, 16.337, 5.416]",4.452,53.629,-103.984
555,3ACH_prepack_ref2015_3700,129,A,Glc,402,B,C2,"[-1.988, 16.337, 5.416]",4.328,69.596,-103.984
556,3ACH_prepack_ref2015_3973,129,A,Glc,404,B,C5,"[-2.691, 16.073, 5.203]",3.739,89.716,-97.024
557,3ACH_prepack_ref2015_0777,129,A,Glc,402,B,C4,"[-1.988, 16.337, 5.416]",4.141,78.033,-103.984
558,3ACH_prepack_ref2015_4875,129,A,Glc,404,B,C5,"[-1.988, 16.337, 5.416]",4.227,91.083,-103.984
559,3ACH_prepack_ref2015_4021,78,A,Glc,404,B,C5,"[-5.694, 17.523, 12.401]",4.112,-73.842,4.904
560,3ACH_prepack_ref2015_1507,129,A,Glc,402,B,C4,"[-1.988, 16.337, 5.416]",3.948,80.668,-103.984
561,3ACH_prepack_ref2015_0439,129,A,Glc,402,B,C2,"[-1.988, 16.337, 5.416]",4.387,75.643,-103.984
562,3ACH_prepack_ref2015_1288,129,A,Glc,402,B,C4,"[-1.988, 16.337, 5.416]",4.323,90.672,-103.984
563,3ACH_prepack_ref2015_3232,129,A,Glc,404,B,C3,"[-2.691, 16.073, 5.203]",4.188,111.511,-97.024
564,3ACH_prepack_ref2015_2716,129,A,Glc,402,B,C2,"[-1.988, 16.337, 5.416]",4.203,75.49,-103.984
565,3ACH_prepack_ref2015_0644,129,A,Glc,404,B,C4,"[-1.988, 16.337, 5.416]",4.025,84.929,-103.984
566,3ACH_prepack_ref2015_4508,129,A,Glc,403,B,C1,"[-1.988, 16.337, 5.416]",4.394,97.009,-103.984
567,3ACH_prepack_ref2015_4735,129,A,Glc,403,B,C2,"[-1.988, 16.337, 5.416]",4.195,109.985,-103.984
568,3ACH_prepack_ref2015_4112,129,A,Glc,403,B,C3,"[-1.988, 16.337, 5.416]",4.154,67.862,-103.984
569,3ACH_prepack_ref2015_4835,129,A,Glc,402,B,C4,"[-2.691, 16.073, 5.203]",4.152,100.72,-97.024
570,3ACH_prepack_ref2015_4646,129,A,Glc,403,B,C5,"[-1.988, 16.337, 5.416]",4.076,95.662,-103.984
571,3ACH_prepack_ref2015_0110,129,A,Glc,403,B,C5,"[-1.988, 16.337, 5.416]",4.164,86.882,-103.984
572,3ACH_prepack_ref2015_1121,129,A,Glc,402,B,C4,"[-1.988, 16.337, 5.416]",4.428,88.738,-103.984
573,3ACH_prepack_ref2015_3827,129,A,Glc,403,B,C5,"[-1.988, 16.337, 5.416]",3.752,84.013,-103.984
574,3ACH_prepack_ref2015_2298,129,A,Glc,403,B,C5,"[-1.988, 16.337, 5.416]",4.494,64.2,-103.984
575,3ACH_prepack_ref2015_1448,129,A,Glc,402,B,C2,"[-1.988, 16.337, 5.416]",4.306,74.381,-103.984
576,3ACH_prepack_ref2015_1675,129,A,Glc,402,B,C4,"[-1.988, 16.337, 5.416]",4.415,94.717,-103.984
577,3ACH_prepack_ref2015_4849,78,A,Glc,404,B,C2,"[-5.694, 17.523, 12.401]",4.349,-124.331,4.904
578,3ACH_prepack_ref2015_0938,129,A,Glc,404,B,C3,"[-1.988, 16.337, 5.416]",4.161,74.4,-103.984
579,3ACH_prepack_ref2015_2203,129,A,Glc,404,B,C4,"[-4.021, 15.973, 4.286]",4.366,-94.738,28.174
580,3ACH_prepack_ref2015_0391,129,A,Glc,404,B,C4,"[-1.988, 16.337, 5.416]",4.241,83.969,-103.984
581,3ACH_prepack_ref2015_0044,129,A,Glc,403,B,C4,"[-1.988, 16.337, 5.416]",4.159,62.835,-103.984
582,3ACH_prepack_ref2015_4308,129,A,Glc,404,B,C2,"[-1.988, 16.337, 5.416]",4.328,85.506,-103.984
583,3ACH_prepack_ref2015_4961,129,A,Glc,402,B,C2,"[-1.988, 16.337, 5.416]",4.02,88.416,-103.984
584,3ACH_prepack_ref2015_4135,129,A,Glc,404,B,C5,"[-2.691, 16.073, 5.203]",4.297,92.83,-97.024
585,3ACH_prepack_ref2015_4889,78,A,Glc,404,B,C3,"[-5.972, 17.579, 12.221]",4.407,-115.514,6.628
586,3ACH_prepack_ref2015_4812,129,A,Glc,403,B,C4,"[-4.021, 15.973, 4.286]",4.312,-98.78,28.174
587,3ACH_prepack_ref2015_4661,129,A,Glc,402,B,C4,"[-1.988, 16.337, 5.416]",4.444,79.048,-103.984
588,3ACH_prepack_ref2015_2258,78,A,Glc,404,B,C4,"[-5.694, 17.523, 12.401]",4.409,-100.243,4.904
589,3ACH_prepack_ref2015_0710,129,A,Glc,403,B,C5,"[-1.988, 16.337, 5.416]",4.27,73.279,-103.984
590,3ACH_prepack_ref2015_0177,129,A,Glc,402,B,C2,"[-1.988, 16.337, 5.416]",3.801,75.004,-103.984
591,3ACH_prepack_ref2015_2218,129,A,Glc,402,B,C4,"[-1.988, 16.337, 5.416]",4.45,99.063,-103.984
592,3ACH_prepack_ref2015_1786,129,A,Glc,402,B,C4,"[-1.988, 16.337, 5.416]",4.436,88.874,-103.984
593,3ACH_prepack_ref2015_1274,129,A,Glc,403,B,C3,"[-1.988, 16.337, 5.416]",4.106,107.122,-103.984
594,3ACH_prepack_ref2015_2727,78,A,Glc,404,B,C4,"[-5.694, 17.523, 12.401]",4.361,-111.31,4.904
595,3ACH_prepack_ref2015_2100,129,A,Glc,402,B,C2,"[-1.988, 16.337, 5.416]",4.474,83.848,-103.984
596,3ACH_prepack_ref2015_0052,78,A,Glc,404,B,C2,"[-6.042, 22.672, 11.624]",4.315,61.131,-93.142
597,3ACH_prepack_ref2015_0675,129,A,Glc,402,B,C4,"[-1.988, 16.337, 5.416]",4.303,78.73,-103.984
598,3ACH_prepack_ref2015_4704,129,A,Glc,402,B,C2,"[-2.691, 16.073, 5.203]",4.253,71.628,-97.024
599,3ACH_prepack_ref2015_3298,129,A,Glc,402,B,C2,"[-1.988, 16.337, 5.416]",4.174,75.542,-103.984
600,3ACH_prepack_ref2015_1405,129,A,Glc,404,B,C4,"[-2.691, 16.073, 5.203]",3.99,96.696,-97.024
601,3ACH_prepack_ref2015_3370,78,A,Glc,404,B,C2,"[-5.694, 17.523, 12.401]",4.385,-105.329,4.904
602,3ACH_prepack_ref2015_2073,129,A,Glc,402,B,C4,"[-1.988, 16.337, 5.416]",4.218,87.773,-103.984
603,3ACH_prepack_ref2015_2827,129,A,Glc,404,B,C4,"[-2.691, 16.073, 5.203]",4.333,100.89,-97.024
604,3ACH_prepack_ref2015_3330,129,A,Glc,401,B,C2,"[-2.691, 16.073, 5.203]",4.169,108.598,-97.024
605,3ACH_prepack_ref2015_0935,129,A,Glc,402,B,C4,"[-1.988, 16.337, 5.416]",3.981,85.469,-103.984
606,3ACH_prepack_ref2015_2429,129,A,Glc,404,B,C4,"[-1.988, 16.337, 5.416]",4.452,65.871,-103.984
607,3ACH_prepack_ref2015_3196,129,A,Glc,403,B,C1,"[-1.988, 16.337, 5.416]",4.247,88.197,-103.984
608,3ACH_prepack_ref2015_3196,78,A,Glc,404,B,C4,"[-5.694, 17.523, 12.401]",4.188,-81.106,4.904
609,3ACH_prepack_ref2015_3243,78,A,Glc,404,B,C5,"[-5.694, 17.523, 12.401]",4.082,-112.624,4.904
610,3ACH_prepack_ref2015_4579,129,A,Glc,404,B,C2,"[-2.691, 16.073, 5.203]",4.283,107.243,-97.024
611,3ACH_prepack_ref2015_4744,129,A,Glc,404,B,C3,"[-2.691, 16.073, 5.203]",3.958,90.929,-97.024
612,3ACH_prepack_ref2015_2140,129,A,Glc,404,B,C4,"[-1.988, 16.337, 5.416]",4.389,102.488,-103.984
613,3ACH_prepack_ref2015_2541,129,A,Glc,404,B,C4,"[-4.021, 15.973, 4.286]",4.264,-74.611,28.174
614,3ACH_prepack_ref2015_4178,129,A,Glc,402,B,C2,"[-1.988, 16.337, 5.416]",3.922,102.098,-103.984
615,3ACH_prepack_ref2015_1963,129,A,Glc,404,B,C5,"[-1.988, 16.337, 5.416]",3.949,101.66,-103.984
616,3ACH_prepack_ref2015_3116,129,A,Glc,401,B,C4,"[-1.988, 16.337, 5.416]",4.245,99.825,-103.984
617,3ACH_prepack_ref2015_1810,129,A,Glc,404,B,C1,"[-1.988, 16.337, 5.416]",4.493,70.839,-103.984
618,3ACH_prepack_ref2015_0886,129,A,Glc,403,B,C4,"[-4.165, 15.883, 0.356]",4.112,100.453,-70.997
619,3ACH_prepack_ref2015_2180,129,A,Glc,402,B,C4,"[-1.988, 16.337, 5.416]",4.34,81.462,-103.984
620,3ACH_prepack_ref2015_4784,78,A,Glc,401,B,C4,"[-5.694, 17.523, 12.401]",4.074,-68.543,4.904
621,3ACH_prepack_ref2015_4522,129,A,Glc,404,B,C2,"[-1.988, 16.337, 5.416]",4.417,74.064,-103.984
622,3ACH_prepack_ref2015_4138,129,A,Glc,404,B,C4,"[-1.988, 16.337, 5.416]",4.283,110.893,-103.984
623,3ACH_prepack_ref2015_4884,129,A,Glc,403,B,C3,"[-1.988, 16.337, 5.416]",4.151,105.452,-103.984
624,3ACH_prepack_ref2015_4884,78,A,Glc,404,B,C5,"[-6.042, 22.672, 11.624]",4.433,55.938,-93.142
625,3ACH_prepack_ref2015_3871,129,A,Glc,402,B,C4,"[-1.988, 16.337, 5.416]",4.251,62.873,-103.984
626,3ACH_prepack_ref2015_4241,129,A,Glc,402,B,C4,"[-1.988, 16.337, 5.416]",4.414,79.079,-103.984
627,3ACH_prepack_ref2015_0959,78,A,Glc,404,B,C3,"[-5.972, 17.579, 12.221]",4.058,-113.871,6.628
628,3ACH_prepack_ref2015_2445,129,A,Glc,404,B,C4,"[-4.021, 15.973, 4.286]",4.025,-76.971,28.174
629,3ACH_prepack_ref2015_3635,129,A,Glc,402,B,C4,"[-1.988, 16.337, 5.416]",4.068,74.334,-103.984
630,3ACH_prepack_ref2015_4332,129,A,Glc,404,B,C3,"[-1.988, 16.337, 5.416]",4.287,111.738,-103.984
631,3ACH_prepack_ref2015_1100,78,A,Glc,404,B,C2,"[-5.694, 17.523, 12.401]",4.367,-122.397,4.904
632,3ACH_prepack_ref2015_1100,129,A,Glc,403,B,C5,"[-2.691, 16.073, 5.203]",4.003,98.516,-97.024
633,3ACH_prepack_ref2015_3448,129,A,Glc,403,B,C2,"[-1.988, 16.337, 5.416]",4.282,80.073,-103.984
634,3ACH_prepack_ref2015_4555,129,A,Glc,404,B,C5,"[-1.988, 16.337, 5.416]",4.29,69.205,-103.984
635,3ACH_prepack_ref2015_2351,78,A,Glc,404,B,C2,"[-7.316, 21.483, 11.085]",3.833,-105.235,85.771
636,3ACH_prepack_ref2015_4027,129,A,Glc,404,B,C3,"[-2.691, 16.073, 5.203]",4.138,80.932,-97.024
637,3ACH_prepack_ref2015_0771,129,A,Glc,403,B,C3,"[-4.021, 15.973, 4.286]",4.406,-91.78,28.174
638,3ACH_prepack_ref2015_0156,78,A,Glc,404,B,C4,"[-5.694, 17.523, 12.401]",4.375,-100.403,4.904
639,3ACH_prepack_ref2015_0156,129,A,Glc,403,B,C5,"[-1.988, 16.337, 5.416]",3.833,79.769,-103.984
640,3ACH_prepack_ref2015_3886,78,A,Glc,404,B,C4,"[-5.694, 17.523, 12.401]",3.881,-108.798,4.904
641,3ACH_prepack_ref2015_3886,129,A,Glc,403,B,C5,"[-1.988, 16.337, 5.416]",3.817,84.888,-103.984
642,3ACH_prepack_ref2015_1068,129,A,Glc,403,B,C4,"[-4.021, 15.973, 4.286]",4.181,-81.08,28.174
643,3ACH_prepack_ref2015_2485,78,A,Glc,404,B,C4,"[-5.694, 17.523, 12.401]",3.934,-107.94,4.904
644,3ACH_prepack_ref2015_2923,129,A,Glc,404,B,C1,"[-2.691, 16.073, 5.203]",4.038,113.765,-97.024
645,3ACH_prepack_ref2015_4154,129,A,Glc,403,B,C3,"[-1.988, 16.337, 5.416]",4.456,96.5,-103.984
646,3ACH_prepack_ref2015_1501,129,A,Glc,404,B,C2,"[-1.988, 16.337, 5.416]",4.302,67.835,-103.984
647,3ACH_prepack_ref2015_3274,129,A,Glc,404,B,C2,"[-2.691, 16.073, 5.203]",4.193,100.91,-97.024
648,3ACH_prepack_ref2015_4114,78,A,Glc,404,B,C5,"[-5.694, 17.523, 12.401]",4.303,-110.963,4.904
649,3ACH_prepack_ref2015_0258,78,A,Glc,404,B,C5,"[-5.972, 17.579, 12.221]",4.327,-114.326,6.628
650,3ACH_prepack_ref2015_1366,129,A,Glc,404,B,C4,"[-4.027, 15.512, 4.165]",4.29,-82.801,58.449
651,3ACH_prepack_ref2015_2044,129,A,Glc,404,B,C2,"[-1.988, 16.337, 5.416]",4.416,79.473,-103.984
652,3ACH_prepack_ref2015_0731,78,A,Glc,404,B,C3,"[-5.694, 17.523, 12.401]",4.268,-96.217,4.904
653,3ACH_prepack_ref2015_0731,129,A,Glc,403,B,C1,"[-1.988, 16.337, 5.416]",4.2,89.325,-103.984
654,3ACH_prepack_ref2015_1243,129,A,Glc,404,B,C4,"[-1.988, 16.337, 5.416]",4.238,90.7,-103.984
655,3ACH_prepack_ref2015_2161,129,A,Glc,404,B,C1,"[-4.021, 15.973, 4.286]",4.084,-81.503,28.174
656,3ACH_prepack_ref2015_0429,129,A,Glc,404,B,C4,"[-2.691, 16.073, 5.203]",3.693,81.61,-97.024
657,3ACH_prepack_ref2015_2935,129,A,Glc,403,B,C2,"[-2.691, 16.073, 5.203]",4.497,107.571,-97.024
658,3ACH_prepack_ref2015_2935,78,A,Glc,404,B,C5,"[-5.694, 17.523, 12.401]",4.34,-92.634,4.904
659,3ACH_prepack_ref2015_4916,78,A,Glc,404,B,C4,"[-5.972, 17.579, 12.221]",3.705,-102.259,6.628
660,3ACH_prepack_ref2015_4916,129,A,Glc,403,B,C5,"[-1.988, 16.337, 5.416]",4.431,81.095,-103.984
661,3ACH_prepack_ref2015_4558,78,A,Glc,404,B,C5,"[-5.694, 17.523, 12.401]",3.885,-80.781,4.904
662,3ACH_prepack_ref2015_4297,129,A,Glc,403,B,C4,"[-1.988, 16.337, 5.416]",3.818,74.791,-103.984
663,3ACH_prepack_ref2015_1682,129,A,Glc,404,B,C3,"[-1.988, 16.337, 5.416]",4.429,59.37,-103.984
664,3ACH_prepack_ref2015_2121,129,A,Glc,403,B,C1,"[-1.988, 16.337, 5.416]",4.491,76.702,-103.984
665,3ACH_prepack_ref2015_2274,129,A,Glc,402,B,C4,"[-1.988, 16.337, 5.416]",4.049,83.797,-103.984
666,3ACH_prepack_ref2015_2786,129,A,Glc,404,B,C2,"[-2.691, 16.073, 5.203]",4.487,53.355,-97.024
667,3ACH_prepack_ref2015_3177,129,A,Glc,402,B,C2,"[-1.988, 16.337, 5.416]",3.747,91.557,-103.984
668,3ACH_prepack_ref2015_3923,129,A,Glc,402,B,C4,"[-1.988, 16.337, 5.416]",4.424,90.082,-103.984
669,3ACH_prepack_ref2015_1999,129,A,Glc,404,B,C1,"[-1.988, 16.337, 5.416]",3.73,84.354,-103.984
670,3ACH_prepack_ref2015_1602,78,A,Glc,404,B,C5,"[-6.042, 22.672, 11.624]",4.474,49.787,-93.142
671,3ACH_prepack_ref2015_1025,129,A,Glc,403,B,C5,"[-1.988, 16.337, 5.416]",4.026,73.354,-103.984
672,3ACH_prepack_ref2015_0068,129,A,Glc,402,B,C2,"[-2.691, 16.073, 5.203]",4.398,101.015,-97.024
673,3ACH_prepack_ref2015_4503,129,A,Glc,403,B,C5,"[-1.988, 16.337, 5.416]",4.058,72.312,-103.984
674,3ACH_prepack_ref2015_3004,129,A,Glc,404,B,C3,"[-1.988, 16.337, 5.416]",4.34,74.299,-103.984
675,3ACH_prepack_ref2015_3850,129,A,Glc,402,B,C2,"[-1.988, 16.337, 5.416]",4.211,56.312,-103.984
676,3ACH_prepack_ref2015_3044,129,A,Glc,404,B,C1,"[-4.021, 15.973, 4.286]",4.14,-73.5,28.174
677,3ACH_prepack_ref2015_1942,129,A,Glc,402,B,C2,"[-1.988, 16.337, 5.416]",4.218,80.843,-103.984
678,3ACH_prepack_ref2015_1831,129,A,Glc,404,B,C4,"[-0.726, 18.838, 3.772]",4.439,-111.152,95.492
679,3ACH_prepack_ref2015_3470,129,A,Glc,404,B,C2,"[-1.988, 16.337, 5.416]",4.3,90.745,-103.984
680,3ACH_prepack_ref2015_3257,129,A,Glc,403,B,C4,"[-1.988, 16.337, 5.416]",3.742,81.899,-103.984
681,3ACH_prepack_ref2015_2154,78,A,Glc,404,B,C1,"[-5.694, 17.523, 12.401]",4.053,-111.075,4.904
682,3ACH_prepack_ref2015_0006,129,A,Glc,404,B,C5,"[-2.691, 16.073, 5.203]",4.153,97.079,-97.024
683,3ACH_prepack_ref2015_0921,129,A,Glc,403,B,C3,"[-1.988, 16.337, 5.416]",4.29,74.709,-103.984
684,3ACH_prepack_ref2015_0175,129,A,Glc,402,B,C4,"[-2.691, 16.073, 5.203]",3.822,70.492,-97.024
685,3ACH_prepack_ref2015_2873,78,A,Glc,403,B,C1,"[-5.694, 17.523, 12.401]",4.271,-77.672,4.904
686,3ACH_prepack_ref2015_2873,129,A,Glc,401,B,C3,"[-1.988, 16.337, 5.416]",4.192,112.682,-103.984
687,3ACH_prepack_ref2015_1236,129,A,Glc,403,B,C3,"[-1.988, 16.337, 5.416]",4.424,75.843,-103.984
688,3ACH_prepack_ref2015_1345,129,A,Glc,404,B,C5,"[-1.988, 16.337, 5.416]",4.384,85.847,-103.984
689,3ACH_prepack_ref2015_1090,78,A,Glc,403,B,C5,"[-5.694, 17.523, 12.401]",4.141,-91.044,4.904
690,3ACH_prepack_ref2015_2940,129,A,Glc,403,B,C5,"[-1.988, 16.337, 5.416]",4.367,72.299,-103.984
691,3ACH_prepack_ref2015_2728,78,A,Glc,404,B,C4,"[-5.694, 17.523, 12.401]",4.134,-88.931,4.904
692,3ACH_prepack_ref2015_0792,129,A,Glc,403,B,C3,"[-1.988, 16.337, 5.416]",4.022,68.789,-103.984
693,3ACH_prepack_ref2015_1163,129,A,Glc,403,B,C3,"[-1.988, 16.337, 5.416]",4.312,70.811,-103.984
694,3ACH_prepack_ref2015_4445,129,A,Glc,402,B,C4,"[-1.988, 16.337, 5.416]",4.365,78.101,-103.984
695,3ACH_prepack_ref2015_0892,129,A,Glc,404,B,C3,"[-1.988, 16.337, 5.416]",4.26,71.343,-103.984
696,3ACH_prepack_ref2015_3558,78,A,Glc,404,B,C5,"[-5.694, 17.523, 12.401]",4.157,-116.376,4.904
697,3ACH_prepack_ref2015_3916,129,A,Glc,403,B,C4,"[-2.691, 16.073, 5.203]",4.061,78.188,-97.024
698,3ACH_prepack_ref2015_1677,129,A,Glc,404,B,C1,"[-4.021, 15.973, 4.286]",3.606,-85.235,28.174
699,3ACH_prepack_ref2015_1677,78,A,Glc,404,B,C4,"[-6.042, 22.672, 11.624]",4.425,63.39,-93.142
700,3ACH_prepack_ref2015_4351,129,A,Glc,403,B,C5,"[-1.988, 16.337, 5.416]",3.889,91.713,-103.984
701,3ACH_prepack_ref2015_0407,129,A,Glc,404,B,C4,"[-1.988, 16.337, 5.416]",4.346,77.35,-103.984
702,3ACH_prepack_ref2015_3583,129,A,Glc,403,B,C4,"[-2.691, 16.073, 5.203]",3.963,92.096,-97.024
703,3ACH_prepack_ref2015_3027,129,A,Glc,404,B,C2,"[-4.021, 15.973, 4.286]",3.733,-86.289,28.174
704,3ACH_prepack_ref2015_1487,129,A,Glc,403,B,C2,"[-1.988, 16.337, 5.416]",4.463,86.341,-103.984
705,3ACH_prepack_ref2015_1621,129,A,Glc,403,B,C3,"[-1.988, 16.337, 5.416]",4.301,84.516,-103.984
706,3ACH_prepack_ref2015_1789,129,A,Glc,404,B,C4,"[-4.021, 15.973, 4.286]",3.934,-82.984,28.174
707,3ACH_prepack_ref2015_1393,129,A,Glc,401,B,C2,"[-2.691, 16.073, 5.203]",4.334,92.599,-97.024
708,3ACH_prepack_ref2015_0090,129,A,Glc,404,B,C5,"[-2.691, 16.073, 5.203]",3.937,88.381,-97.024
709,3ACH_prepack_ref2015_0345,129,A,Glc,403,B,C4,"[-1.988, 16.337, 5.416]",4.023,76.867,-103.984
710,3ACH_prepack_ref2015_3595,129,A,Glc,404,B,C5,"[-2.691, 16.073, 5.203]",3.785,73.008,-97.024
711,3ACH_prepack_ref2015_4560,129,A,Glc,402,B,C4,"[-2.691, 16.073, 5.203]",4.312,103.384,-97.024
712,3ACH_prepack_ref2015_0844,78,A,Glc,404,B,C2,"[-6.717, 17.794, 11.997]",3.957,90.324,-45.877
713,3ACH_prepack_ref2015_3466,78,A,Glc,404,B,C4,"[-5.694, 17.523, 12.401]",4.108,-95.482,4.904
714,3ACH_prepack_ref2015_1809,129,A,Glc,404,B,C2,"[-2.691, 16.073, 5.203]",3.99,99.839,-97.024
715,3ACH_prepack_ref2015_1996,78,A,Glc,404,B,C2,"[-5.694, 17.523, 12.401]",4.148,-99.807,4.904
716,3ACH_prepack_ref2015_3562,129,A,Glc,403,B,C2,"[-2.691, 16.073, 5.203]",4.235,119.795,-97.024
717,3ACH_prepack_ref2015_1159,129,A,Glc,402,B,C4,"[-1.988, 16.337, 5.416]",4.062,79.829,-103.984
718,3ACH_prepack_ref2015_0640,129,A,Glc,402,B,C4,"[-1.988, 16.337, 5.416]",4.467,78.909,-103.984
719,3ACH_prepack_ref2015_4942,129,A,Glc,402,B,C4,"[-1.988, 16.337, 5.416]",4.363,84.162,-103.984
720,3ACH_prepack_ref2015_3784,129,A,Glc,401,B,C4,"[-1.988, 16.337, 5.416]",3.907,76.325,-103.984
721,3ACH_prepack_ref2015_1119,129,A,Glc,404,B,C4,"[-4.027, 15.512, 4.165]",3.908,-76.793,58.449
722,3ACH_prepack_ref2015_4771,129,A,Glc,404,B,C4,"[-2.691, 16.073, 5.203]",4.297,84.831,-97.024
723,3ACH_prepack_ref2015_2348,129,A,Glc,404,B,C4,"[-2.691, 16.073, 5.203]",4.137,94.291,-97.024
724,3ACH_prepack_ref2015_0369,129,A,Glc,402,B,C4,"[-1.988, 16.337, 5.416]",4.16,75.2,-103.984
725,3ACH_prepack_ref2015_4424,129,A,Glc,404,B,C1,"[-4.021, 15.973, 4.286]",4.456,-86.435,28.174
726,3ACH_prepack_ref2015_4982,78,A,Glc,404,B,C2,"[-5.694, 17.523, 12.401]",4.22,-111.385,4.904
727,3ACH_prepack_ref2015_4619,129,A,Glc,402,B,C4,"[-1.988, 16.337, 5.416]",4.161,72.545,-103.984
728,3ACH_prepack_ref2015_0680,129,A,Glc,402,B,C2,"[-1.988, 16.337, 5.416]",4.062,73.765,-103.984
729,3ACH_prepack_ref2015_2220,129,A,Glc,402,B,C4,"[-1.988, 16.337, 5.416]",4.456,98.649,-103.984
730,3ACH_prepack_ref2015_2849,129,A,Glc,402,B,C2,"[-1.988, 16.337, 5.416]",4.464,74.122,-103.984
731,3ACH_prepack_ref2015_3123,78,A,Glc,404,B,C4,"[-5.694, 17.523, 12.401]",4.445,-98.183,4.904
732,3ACH_prepack_ref2015_1583,129,A,Glc,404,B,C2,"[-1.988, 16.337, 5.416]",4.453,51.414,-103.984
733,3ACH_prepack_ref2015_3977,129,A,Glc,402,B,C2,"[-1.988, 16.337, 5.416]",3.753,89.996,-103.984
734,3ACH_prepack_ref2015_2574,129,A,Glc,401,B,C1,"[-2.691, 16.073, 5.203]",4.368,118.679,-97.024
735,3ACH_prepack_ref2015_3385,78,A,Glc,404,B,C2,"[-5.694, 17.523, 12.401]",3.929,-96.28,4.904
736,3ACH_prepack_ref2015_0241,78,A,Glc,404,B,C4,"[-5.694, 17.523, 12.401]",4.019,-98.068,4.904
737,3ACH_prepack_ref2015_3844,129,A,Glc,403,B,C3,"[-1.988, 16.337, 5.416]",3.92,99.199,-103.984
738,3ACH_prepack_ref2015_1616,129,A,Glc,401,B,C5,"[-2.691, 16.073, 5.203]",3.921,79.037,-97.024
739,3ACH_prepack_ref2015_3712,129,A,Glc,403,B,C1,"[-1.988, 16.337, 5.416]",4.021,81.997,-103.984
740,3ACH_prepack_ref2015_1640,78,A,Glc,404,B,C2,"[-5.694, 17.523, 12.401]",4.216,-86.271,4.904
741,3ACH_prepack_ref2015_4994,78,A,Glc,404,B,C2,"[-6.042, 22.672, 11.624]",4.177,64.022,-93.142
742,3ACH_prepack_ref2015_0364,129,A,Glc,401,B,C1,"[-1.988, 16.337, 5.416]",4.037,68.268,-103.984
743,3ACH_prepack_ref2015_3046,129,A,Glc,404,B,C1,"[-1.988, 16.337, 5.416]",4.121,73.422,-103.984
744,3ACH_prepack_ref2015_3393,129,A,Glc,403,B,C3,"[-2.691, 16.073, 5.203]",4.177,81.905,-97.024
745,3ACH_prepack_ref2015_3789,129,A,Glc,403,B,C3,"[-1.988, 16.337, 5.416]",4.391,106.244,-103.984
746,3ACH_prepack_ref2015_3812,78,A,Glc,404,B,C2,"[-5.694, 17.523, 12.401]",4.193,-108.518,4.904
747,3ACH_prepack_ref2015_3812,129,A,Glc,403,B,C5,"[-1.988, 16.337, 5.416]",4.369,74.73,-103.984
748,3ACH_prepack_ref2015_2090,129,A,Glc,404,B,C5,"[-4.008, 15.63, 0.218]",4.253,105.936,-91.736
749,3ACH_prepack_ref2015_4541,129,A,Glc,404,B,C3,"[-1.988, 16.337, 5.416]",4.433,110.287,-103.984
750,3ACH_prepack_ref2015_3852,129,A,Glc,402,B,C2,"[-1.988, 16.337, 5.416]",4.492,63.768,-103.984
751,3ACH_prepack_ref2015_1773,78,A,Glc,404,B,C4,"[-7.316, 21.483, 11.085]",4.011,-80.625,85.771
752,3ACH_prepack_ref2015_2522,129,A,Glc,401,B,C4,"[-0.726, 18.838, 3.772]",4.001,-83.116,95.492
753,3ACH_prepack_ref2015_2451,129,A,Glc,402,B,C4,"[-1.988, 16.337, 5.416]",4.069,80.556,-103.984
754,3ACH_prepack_ref2015_4180,129,A,Glc,403,B,C1,"[-2.691, 16.073, 5.203]",4.022,80.693,-97.024
755,3ACH_prepack_ref2015_2804,129,A,Glc,402,B,C2,"[-2.691, 16.073, 5.203]",4.243,88.628,-97.024
756,3ACH_prepack_ref2015_1201,129,A,Glc,402,B,C4,"[-2.691, 16.073, 5.203]",4.281,93.22,-97.024
757,3ACH_prepack_ref2015_1980,129,A,Glc,402,B,C5,"[-1.988, 16.337, 5.416]",4.436,78.682,-103.984
758,3ACH_prepack_ref2015_4100,129,A,Glc,403,B,C2,"[-1.988, 16.337, 5.416]",4.105,77.623,-103.984
759,3ACH_prepack_ref2015_1372,129,A,Glc,403,B,C5,"[-1.988, 16.337, 5.416]",4.279,78.046,-103.984
760,3ACH_prepack_ref2015_3220,78,A,Glc,404,B,C2,"[-5.694, 17.523, 12.401]",4.237,-107.477,4.904
761,3ACH_prepack_ref2015_4914,129,A,Glc,403,B,C4,"[-1.988, 16.337, 5.416]",4.487,93.045,-103.984
762,3ACH_prepack_ref2015_1332,129,A,Glc,402,B,C2,"[-1.988, 16.337, 5.416]",3.936,91.176,-103.984
763,3ACH_prepack_ref2015_0916,78,A,Glc,403,B,C2,"[-5.694, 17.523, 12.401]",4.287,-108.32,4.904
764,3ACH_prepack_ref2015_0297,129,A,Glc,402,B,C4,"[-1.988, 16.337, 5.416]",4.265,82.59,-103.984
765,3ACH_prepack_ref2015_1241,129,A,Glc,402,B,C3,"[-1.988, 16.337, 5.416]",4.399,75.134,-103.984
